{"api": "Fortnite-API", "banners": {"brs25_maze2": "https://fortnite-api.com/images/banners/brs25_maze2/icon.png", "influencerbanner45": "https://fortnite-api.com/images/banners/influencerbanner45/icon.png", "brs10barbequelarry": "https://fortnite-api.com/images/banners/brs10barbequelarry/icon.png", "brs15_cosmosc": "https://fortnite-api.com/images/banners/brs15_cosmosc/icon.png", "brseason07cumulativels2": "https://fortnite-api.com/images/banners/brseason07cumulativels2/icon.png", "brseason07sun": "https://fortnite-api.com/images/banners/brseason07sun/icon.png", "brs23_citadel": "https://fortnite-api.com/images/banners/brs23_citadel/icon.png", "brs23_project_maze_qu": "https://fortnite-api.com/images/banners/brs23_project_maze_qu/icon.png", "brseason06robotshoulderlogo": "https://fortnite-api.com/images/banners/brseason06robotshoulderlogo/icon.png", "brs14_hightowersquash": "https://fortnite-api.com/images/banners/brs14_hightowersquash/icon.png", "brseason05balloon": "https://fortnite-api.com/images/banners/brseason05balloon/icon.png", "brseason07merryface": "https://fortnite-api.com/images/banners/brseason07merryface/icon.png", "brseason04heroemblem": "https://fortnite-api.com/images/banners/brseason04heroemblem/icon.png", "influencerbanner9": "https://fortnite-api.com/images/banners/influencerbanner9/icon.png", "brs8compass": "https://fortnite-api.com/images/banners/brs8compass/icon.png", "brseason02cake": "https://fortnite-api.com/images/banners/brseason02cake/icon.png", "galileoa": "https://fortnite-api.com/images/banners/galileoa/icon.png", "brs8completionshiny": "https://fortnite-api.com/images/banners/brs8completionshiny/icon.png", "otherbanner10": "https://fortnite-api.com/images/banners/otherbanner10/icon.png", "otherbanner23": "https://fortnite-api.com/images/banners/otherbanner23/icon.png", "brs23_fncs_drops": "https://fortnite-api.com/images/banners/brs23_fncs_drops/icon.png", "brs16_cubeninja": "https://fortnite-api.com/images/banners/brs16_cubeninja/icon.png", "brs24_clearradius": "https://fortnite-api.com/images/banners/brs24_clearradius/icon.png", "brs24_tigerrootquest": "https://fortnite-api.com/images/banners/brs24_tigerrootquest/icon.png", "brs17_alt_3": "https://fortnite-api.com/images/banners/brs17_alt_3/icon.png", "otherbanner14": "https://fortnite-api.com/images/banners/otherbanner14/icon.png", "brs14_hightowertomato": "https://fortnite-api.com/images/banners/brs14_hightowertomato/icon.png", "survivalbannerstorm2018easy": "https://fortnite-api.com/images/banners/survivalbannerstorm2018easy/icon.png", "brs13_oceanrider": "https://fortnite-api.com/images/banners/brs13_oceanrider/icon.png", "brskirmishbushbandits": "https://fortnite-api.com/images/banners/brskirmishbushbandits/icon.png", "otherbanner36": "https://fortnite-api.com/images/banners/otherbanner36/icon.png", "standardbanner16": "https://fortnite-api.com/images/banners/standardbanner16/icon.png", "brs23_redpepper": "https://fortnite-api.com/images/banners/brs23_redpepper/icon.png", "brseason06werewolf": "https://fortnite-api.com/images/banners/brseason06werewolf/icon.png", "brs8pineapple": "https://fortnite-api.com/images/banners/brs8pineapple/icon.png", "brs13_spacewanderer": "https://fortnite-api.com/images/banners/brs13_spacewanderer/icon.png", "bannercupa": "https://fortnite-api.com/images/banners/bannercupa/icon.png", "ot4banner": "https://fortnite-api.com/images/banners/ot4banner/icon.png", "brseason06cowboyhat": "https://fortnite-api.com/images/banners/brseason06cowboyhat/icon.png", "influencerbanner21": "https://fortnite-api.com/images/banners/influencerbanner21/icon.png", "starlightbanner4": "https://fortnite-api.com/images/banners/starlightbanner4/icon.png", "otherbanner73": "https://fortnite-api.com/images/banners/otherbanner73/icon.png", "brs10westernhats": "https://fortnite-api.com/images/banners/brs10westernhats/icon.png", "brs16_bicycle": "https://fortnite-api.com/images/banners/brs16_bicycle/icon.png", "bannercupd": "https://fortnite-api.com/images/banners/bannercupd/icon.png", "brs914daysrubberducky": "https://fortnite-api.com/images/banners/brs914daysrubberducky/icon.png", "brs10dragonegg": "https://fortnite-api.com/images/banners/brs10dragonegg/icon.png", "brseason03chicken": "https://fortnite-api.com/images/banners/brseason03chicken/icon.png", "brs19_buffllama": "https://fortnite-api.com/images/banners/brs19_buffllama/icon.png", "galileoc": "https://fortnite-api.com/images/banners/galileoc/icon.png", "brs11shark": "https://fortnite-api.com/images/banners/brs11shark/icon.png", "influencerbanner20": "https://fortnite-api.com/images/banners/influencerbanner20/icon.png", "otherbanner39": "https://fortnite-api.com/images/banners/otherbanner39/icon.png", "brs8treasurechest": "https://fortnite-api.com/images/banners/brs8treasurechest/icon.png", "brs8foxhead": "https://fortnite-api.com/images/banners/brs8foxhead/icon.png", "brs16_basketballhoop_2021": "https://fortnite-api.com/images/banners/brs16_basketballhoop_2021/icon.png", "brseason07tartan": "https://fortnite-api.com/images/banners/brseason07tartan/icon.png", "influencerbanner57": "https://fortnite-api.com/images/banners/influencerbanner57/icon.png", "otherbanner27": "https://fortnite-api.com/images/banners/otherbanner27/icon.png", "brseason03egg": "https://fortnite-api.com/images/banners/brseason03egg/icon.png", "brseason06phantom": "https://fortnite-api.com/images/banners/brseason06phantom/icon.png", "brseason03chick": "https://fortnite-api.com/images/banners/brseason03chick/icon.png", "otherbanner16": "https://fortnite-api.com/images/banners/otherbanner16/icon.png", "brs23_chainmail": "https://fortnite-api.com/images/banners/brs23_chainmail/icon.png", "ot6banner": "https://fortnite-api.com/images/banners/ot6banner/icon.png", "brs21_pinkwidow": "https://fortnite-api.com/images/banners/brs21_pinkwidow/icon.png", "foundertier3banner2": "https://fortnite-api.com/images/banners/foundertier3banner2/icon.png", "brs12_midas": "https://fortnite-api.com/images/banners/brs12_midas/icon.png", "brs19_blizzardbomber": "https://fortnite-api.com/images/banners/brs19_blizzardbomber/icon.png", "brseason07wreath": "https://fortnite-api.com/images/banners/brseason07wreath/icon.png", "brseason04chains": "https://fortnite-api.com/images/banners/brseason04chains/icon.png", "brs19_winterfest2021": "https://fortnite-api.com/images/banners/brs19_winterfest2021/icon.png", "brseason07cumulativels4": "https://fortnite-api.com/images/banners/brseason07cumulativels4/icon.png", "standardbanner19": "https://fortnite-api.com/images/banners/standardbanner19/icon.png", "brs22_chillcat_face": "https://fortnite-api.com/images/banners/brs22_chillcat_face/icon.png", "brs14_kettlebell": "https://fortnite-api.com/images/banners/brs14_kettlebell/icon.png", "brs8roach": "https://fortnite-api.com/images/banners/brs8roach/icon.png", "brs25_loudphoenix": "https://fortnite-api.com/images/banners/brs25_loudphoenix/icon.png", "brseason03teddybear": "https://fortnite-api.com/images/banners/brseason03teddybear/icon.png", "brs15_flapjackwrangler": "https://fortnite-api.com/images/banners/brs15_flapjackwrangler/icon.png", "brs10level100": "https://fortnite-api.com/images/banners/brs10level100/icon.png", "winter2018iciclecluster": "https://fortnite-api.com/images/banners/winter2018iciclecluster/icon.png", "brs9x": "https://fortnite-api.com/images/banners/brs9x/icon.png", "brs9roar": "https://fortnite-api.com/images/banners/brs9roar/icon.png", "brs24_ebony": "https://fortnite-api.com/images/banners/brs24_ebony/icon.png", "brseason02bush": "https://fortnite-api.com/images/banners/brseason02bush/icon.png", "otherbanner5": "https://fortnite-api.com/images/banners/otherbanner5/icon.png", "brs9paintbrush": "https://fortnite-api.com/images/banners/brs9paintbrush/icon.png", "brs17_referafriendtaxi": "https://fortnite-api.com/images/banners/brs17_referafriendtaxi/icon.png", "brs14_hightowergrape": "https://fortnite-api.com/images/banners/brs14_hightowergrape/icon.png", "otherbanner20": "https://fortnite-api.com/images/banners/otherbanner20/icon.png", "wargamestprifts": "https://fortnite-api.com/images/banners/wargamestprifts/icon.png", "brs22_chillcat_extra": "https://fortnite-api.com/images/banners/brs22_chillcat_extra/icon.png", "brs8crystalllama": "https://fortnite-api.com/images/banners/brs8crystalllama/icon.png", "brseason04pencil": "https://fortnite-api.com/images/banners/brseason04pencil/icon.png", "foundertier1banner4": "https://fortnite-api.com/images/banners/foundertier1banner4/icon.png", "brs12_braziltoucan": "https://fortnite-api.com/images/banners/brs12_braziltoucan/icon.png", "brseason05vikingship": "https://fortnite-api.com/images/banners/brseason05vikingship/icon.png", "brseason07seasonlevel100": "https://fortnite-api.com/images/banners/brseason07seasonlevel100/icon.png", "brs11flake": "https://fortnite-api.com/images/banners/brs11flake/icon.png", "brseason04villainemblem": "https://fortnite-api.com/images/banners/brseason04villainemblem/icon.png", "brs16_temple": "https://fortnite-api.com/images/banners/brs16_temple/icon.png", "brs12_prestige3": "https://fortnite-api.com/images/banners/brs12_prestige3/icon.png", "brs21_referfriend": "https://fortnite-api.com/images/banners/brs21_referfriend/icon.png", "brs19_lonewolf": "https://fortnite-api.com/images/banners/brs19_lonewolf/icon.png", "brs17_rifttour": "https://fortnite-api.com/images/banners/brs17_rifttour/icon.png", "otherbanner46": "https://fortnite-api.com/images/banners/otherbanner46/icon.png", "brs21_staminaemblem": "https://fortnite-api.com/images/banners/brs21_staminaemblem/icon.png", "influencerbanner52": "https://fortnite-api.com/images/banners/influencerbanner52/icon.png", "brseason05golf": "https://fortnite-api.com/images/banners/brseason05golf/icon.png", "brs21_darkstorm": "https://fortnite-api.com/images/banners/brs21_darkstorm/icon.png", "brs12_prestige4": "https://fortnite-api.com/images/banners/brs12_prestige4/icon.png", "brs22_theherald": "https://fortnite-api.com/images/banners/brs22_theherald/icon.png", "ot5banner": "https://fortnite-api.com/images/banners/ot5banner/icon.png", "brs22_showdown_pi": "https://fortnite-api.com/images/banners/brs22_showdown_pi/icon.png", "standardbanner27": "https://fortnite-api.com/images/banners/standardbanner27/icon.png", "brs9target": "https://fortnite-api.com/images/banners/brs9target/icon.png", "brs9cattus": "https://fortnite-api.com/images/banners/brs9cattus/icon.png", "brs8tigerstripes": "https://fortnite-api.com/images/banners/brs8tigerstripes/icon.png", "brs20_orderguard": "https://fortnite-api.com/images/banners/brs20_orderguard/icon.png", "brs8cumulativels4": "https://fortnite-api.com/images/banners/brs8cumulativels4/icon.png", "brs15_nightmare": "https://fortnite-api.com/images/banners/brs15_nightmare/icon.png", "brseason03deadfish": "https://fortnite-api.com/images/banners/brseason03deadfish/icon.png", "brs9completionstrawberry": "https://fortnite-api.com/images/banners/brs9completionstrawberry/icon.png", "brs8ashtonchicago": "https://fortnite-api.com/images/banners/brs8ashtonchicago/icon.png", "endurancewave30theater04": "https://fortnite-api.com/images/banners/endurancewave30theater04/icon.png", "brfestivus": "https://fortnite-api.com/images/banners/brfestivus/icon.png", "brseason06llamadj": "https://fortnite-api.com/images/banners/brseason06llamadj/icon.png", "brseason07plane": "https://fortnite-api.com/images/banners/brseason07plane/icon.png", "influencerbanner37": "https://fortnite-api.com/images/banners/influencerbanner37/icon.png", "brs11sockmonkey": "https://fortnite-api.com/images/banners/brs11sockmonkey/icon.png", "brseason02sawhorse": "https://fortnite-api.com/images/banners/brseason02sawhorse/icon.png", "brs11toadstool": "https://fortnite-api.com/images/banners/brs11toadstool/icon.png", "brs11diamondshapes": "https://fortnite-api.com/images/banners/brs11diamondshapes/icon.png", "brs19_turtleneck": "https://fortnite-api.com/images/banners/brs19_turtleneck/icon.png", "bannercupb": "https://fortnite-api.com/images/banners/bannercupb/icon.png", "brs23_project_maze_yr": "https://fortnite-api.com/images/banners/brs23_project_maze_yr/icon.png", "influencerbanner46": "https://fortnite-api.com/images/banners/influencerbanner46/icon.png", "brseason03happycloud": "https://fortnite-api.com/images/banners/brseason03happycloud/icon.png", "brs16_dinohunter": "https://fortnite-api.com/images/banners/brs16_dinohunter/icon.png", "standardbanner4": "https://fortnite-api.com/images/banners/standardbanner4/icon.png", "newsletterbanner": "https://fortnite-api.com/images/banners/newsletterbanner/icon.png", "brs11turtle": "https://fortnite-api.com/images/banners/brs11turtle/icon.png", "brs11eightball": "https://fortnite-api.com/images/banners/brs11eightball/icon.png", "foundertier3banner3": "https://fortnite-api.com/images/banners/foundertier3banner3/icon.png", "brs20_knightcat": "https://fortnite-api.com/images/banners/brs20_knightcat/icon.png", "brs14_clover": "https://fortnite-api.com/images/banners/brs14_clover/icon.png", "otherbanner63": "https://fortnite-api.com/images/banners/otherbanner63/icon.png", "influencerbanner42": "https://fortnite-api.com/images/banners/influencerbanner42/icon.png", "brs19_islandnomad": "https://fortnite-api.com/images/banners/brs19_islandnomad/icon.png", "influencerbanner7": "https://fortnite-api.com/images/banners/influencerbanner7/icon.png", "otherbanner57": "https://fortnite-api.com/images/banners/otherbanner57/icon.png", "brs9chair": "https://fortnite-api.com/images/banners/brs9chair/icon.png", "achievementgognome": "https://fortnite-api.com/images/banners/achievementgognome/icon.png", "brs18_consolecup": "https://fortnite-api.com/images/banners/brs18_consolecup/icon.png", "brs19_showdownpanda": "https://fortnite-api.com/images/banners/brs19_showdownpanda/icon.png", "brs15_spacefighter": "https://fortnite-api.com/images/banners/brs15_spacefighter/icon.png", "brs21_lancelot": "https://fortnite-api.com/images/banners/brs21_lancelot/icon.png", "standardbanner10": "https://fortnite-api.com/images/banners/standardbanner10/icon.png", "brs15_ancientgladiator": "https://fortnite-api.com/images/banners/brs15_ancientgladiator/icon.png", "maydayiconhard": "https://fortnite-api.com/images/banners/maydayiconhard/icon.png", "brseason03lantern": "https://fortnite-api.com/images/banners/brseason03lantern/icon.png", "influencerbanner19": "https://fortnite-api.com/images/banners/influencerbanner19/icon.png", "s11fncs": "https://fortnite-api.com/images/banners/s11fncs/icon.png", "influencerbanner10": "https://fortnite-api.com/images/banners/influencerbanner10/icon.png", "wargamesoverload": "https://fortnite-api.com/images/banners/wargamesoverload/icon.png", "brseason05shoppingcart": "https://fortnite-api.com/images/banners/brseason05shoppingcart/icon.png", "brseason05dinosaur": "https://fortnite-api.com/images/banners/brseason05dinosaur/icon.png", "brseason04goo": "https://fortnite-api.com/images/banners/brseason04goo/icon.png", "survivalbannerholidayhard": "https://fortnite-api.com/images/banners/survivalbannerholidayhard/icon.png", "brs9doggus": "https://fortnite-api.com/images/banners/brs9doggus/icon.png", "otherbanner37": "https://fortnite-api.com/images/banners/otherbanner37/icon.png", "brs12_cyclonea": "https://fortnite-api.com/images/banners/brs12_cyclonea/icon.png", "brs25_zirconsweep": "https://fortnite-api.com/images/banners/brs25_zirconsweep/icon.png", "otherbanner18": "https://fortnite-api.com/images/banners/otherbanner18/icon.png", "influencerbanner56": "https://fortnite-api.com/images/banners/influencerbanner56/icon.png", "influencerbanner24": "https://fortnite-api.com/images/banners/influencerbanner24/icon.png", "winter2018krampus": "https://fortnite-api.com/images/banners/winter2018krampus/icon.png", "standardbanner24": "https://fortnite-api.com/images/banners/standardbanner24/icon.png", "brs10britebomber": "https://fortnite-api.com/images/banners/brs10britebomber/icon.png", "standardbanner15": "https://fortnite-api.com/images/banners/standardbanner15/icon.png", "brs24_nitroflow": "https://fortnite-api.com/images/banners/brs24_nitroflow/icon.png", "brs11_prestige5": "https://fortnite-api.com/images/banners/brs11_prestige5/icon.png", "brseason02planet": "https://fortnite-api.com/images/banners/brseason02planet/icon.png", "otherbanner64": "https://fortnite-api.com/images/banners/otherbanner64/icon.png", "brseason02bowling": "https://fortnite-api.com/images/banners/brseason02bowling/icon.png", "brs8ashtonboardwalk": "https://fortnite-api.com/images/banners/brs8ashtonboardwalk/icon.png", "brseason07shackle": "https://fortnite-api.com/images/banners/brseason07shackle/icon.png", "brs12_wingedcritter": "https://fortnite-api.com/images/banners/brs12_wingedcritter/icon.png", "wargamestiki": "https://fortnite-api.com/images/banners/wargamestiki/icon.png", "brseason02catsoldier": "https://fortnite-api.com/images/banners/brseason02catsoldier/icon.png", "otherbanner19": "https://fortnite-api.com/images/banners/otherbanner19/icon.png", "brs17_cosmicsummer": "https://fortnite-api.com/images/banners/brs17_cosmicsummer/icon.png", "brs9blast": "https://fortnite-api.com/images/banners/brs9blast/icon.png", "brseason07completionseason7": "https://fortnite-api.com/images/banners/brseason07completionseason7/icon.png", "brs24_stwhordemode_mvp_lvl3": "https://fortnite-api.com/images/banners/brs24_stwhordemode_mvp_lvl3/icon.png", "brseason06floatingisland": "https://fortnite-api.com/images/banners/brseason06floatingisland/icon.png", "standardbanner29": "https://fortnite-api.com/images/banners/standardbanner29/icon.png", "brs20_lyrical": "https://fortnite-api.com/images/banners/brs20_lyrical/icon.png", "brs17_ruckusface": "https://fortnite-api.com/images/banners/brs17_ruckusface/icon.png", "brs22_rosedust": "https://fortnite-api.com/images/banners/brs22_rosedust/icon.png", "achievementplayswellwithothers": "https://fortnite-api.com/images/banners/achievementplayswellwithothers/icon.png", "brs17_believer": "https://fortnite-api.com/images/banners/brs17_believer/icon.png", "brs16_sentinel": "https://fortnite-api.com/images/banners/brs16_sentinel/icon.png", "influencerbanner13": "https://fortnite-api.com/images/banners/influencerbanner13/icon.png", "achievementlootlegend": "https://fortnite-api.com/images/banners/achievementlootlegend/icon.png", "brcompletionicequeen": "https://fortnite-api.com/images/banners/brcompletionicequeen/icon.png", "brs8cumulativeseason8": "https://fortnite-api.com/images/banners/brs8cumulativeseason8/icon.png", "otherbanner74": "https://fortnite-api.com/images/banners/otherbanner74/icon.png", "otherbanner77": "https://fortnite-api.com/images/banners/otherbanner77/icon.png", "brs18_darktrio": "https://fortnite-api.com/images/banners/brs18_darktrio/icon.png", "influencerbanner12": "https://fortnite-api.com/images/banners/influencerbanner12/icon.png", "brs13_blackknight": "https://fortnite-api.com/images/banners/brs13_blackknight/icon.png", "brseason02shark": "https://fortnite-api.com/images/banners/brseason02shark/icon.png", "brs16_obsidian": "https://fortnite-api.com/images/banners/brs16_obsidian/icon.png", "influencerbanner41": "https://fortnite-api.com/images/banners/influencerbanner41/icon.png", "influencerbanner27": "https://fortnite-api.com/images/banners/influencerbanner27/icon.png", "otherbanner69": "https://fortnite-api.com/images/banners/otherbanner69/icon.png", "brseason04blitz": "https://fortnite-api.com/images/banners/brseason04blitz/icon.png", "brs17_ruckusrun": "https://fortnite-api.com/images/banners/brs17_ruckusrun/icon.png", "influencerbanner40": "https://fortnite-api.com/images/banners/influencerbanner40/icon.png", "brs19_subswinterfest2021": "https://fortnite-api.com/images/banners/brs19_subswinterfest2021/icon.png", "brseason06polkadots": "https://fortnite-api.com/images/banners/brseason06polkadots/icon.png", "brs14_hightowermango": "https://fortnite-api.com/images/banners/brs14_hightowermango/icon.png", "brs10medievalknight": "https://fortnite-api.com/images/banners/brs10medievalknight/icon.png", "brs17_summer2021": "https://fortnite-api.com/images/banners/brs17_summer2021/icon.png", "brseason06carbonfiber": "https://fortnite-api.com/images/banners/brseason06carbonfiber/icon.png", "brs22_badbear": "https://fortnite-api.com/images/banners/brs22_badbear/icon.png", "brs12_prestige5": "https://fortnite-api.com/images/banners/brs12_prestige5/icon.png", "standardbanner13": "https://fortnite-api.com/images/banners/standardbanner13/icon.png", "brs16_alt_2": "https://fortnite-api.com/images/banners/brs16_alt_2/icon.png", "brseason03sun": "https://fortnite-api.com/images/banners/brseason03sun/icon.png", "brs11pawmark": "https://fortnite-api.com/images/banners/brs11pawmark/icon.png", "influencerbanner17": "https://fortnite-api.com/images/banners/influencerbanner17/icon.png", "brseason03paw": "https://fortnite-api.com/images/banners/brseason03paw/icon.png", "influencerbanner44": "https://fortnite-api.com/images/banners/influencerbanner44/icon.png", "brs11waterwaves": "https://fortnite-api.com/images/banners/brs11waterwaves/icon.png", "influencerbanner53": "https://fortnite-api.com/images/banners/influencerbanner53/icon.png", "brs9completion": "https://fortnite-api.com/images/banners/brs9completion/icon.png", "foundertier5banner3": "https://fortnite-api.com/images/banners/foundertier5banner3/icon.png", "otherbanner60": "https://fortnite-api.com/images/banners/otherbanner60/icon.png", "influencerbanner26": "https://fortnite-api.com/images/banners/influencerbanner26/icon.png", "brseason03crescentmoon": "https://fortnite-api.com/images/banners/brseason03crescentmoon/icon.png", "galileob": "https://fortnite-api.com/images/banners/galileob/icon.png", "brs14_infinity": "https://fortnite-api.com/images/banners/brs14_infinity/icon.png", "otherbanner71": "https://fortnite-api.com/images/banners/otherbanner71/icon.png", "otherbanner12": "https://fortnite-api.com/images/banners/otherbanner12/icon.png", "influencerbanner35": "https://fortnite-api.com/images/banners/influencerbanner35/icon.png", "brs21_collectable": "https://fortnite-api.com/images/banners/brs21_collectable/icon.png", "brseason02vulture": "https://fortnite-api.com/images/banners/brseason02vulture/icon.png", "brs12_cowboy": "https://fortnite-api.com/images/banners/brs12_cowboy/icon.png", "influencerbanner31": "https://fortnite-api.com/images/banners/influencerbanner31/icon.png", "hordebanner2018plankerton": "https://fortnite-api.com/images/banners/hordebanner2018plankerton/icon.png", "foundertier2banner6": "https://fortnite-api.com/images/banners/foundertier2banner6/icon.png", "brseason06tattered": "https://fortnite-api.com/images/banners/brseason06tattered/icon.png", "brs10kevincube": "https://fortnite-api.com/images/banners/brs10kevincube/icon.png", "influencerbanner3": "https://fortnite-api.com/images/banners/influencerbanner3/icon.png", "brs21_realm": "https://fortnite-api.com/images/banners/brs21_realm/icon.png", "brseason07cumulativels6": "https://fortnite-api.com/images/banners/brseason07cumulativels6/icon.png", "brs8jellyfish": "https://fortnite-api.com/images/banners/brs8jellyfish/icon.png", "brs24_ranked1": "https://fortnite-api.com/images/banners/brs24_ranked1/icon.png", "brs20_neoncatspeed": "https://fortnite-api.com/images/banners/brs20_neoncatspeed/icon.png", "endurancewave30theater02": "https://fortnite-api.com/images/banners/endurancewave30theater02/icon.png", "brs22_showdown_mae": "https://fortnite-api.com/images/banners/brs22_showdown_mae/icon.png", "brs23_snowsoldierfashion": "https://fortnite-api.com/images/banners/brs23_snowsoldierfashion/icon.png", "standardbanner5": "https://fortnite-api.com/images/banners/standardbanner5/icon.png", "ot2banner": "https://fortnite-api.com/images/banners/ot2banner/icon.png", "influencerbanner48": "https://fortnite-api.com/images/banners/influencerbanner48/icon.png", "ot11banner": "https://fortnite-api.com/images/banners/ot11banner/icon.png", "brseason06handhorns": "https://fortnite-api.com/images/banners/brseason06handhorns/icon.png", "brs17_antique": "https://fortnite-api.com/images/banners/brs17_antique/icon.png", "brs10astronaut": "https://fortnite-api.com/images/banners/brs10astronaut/icon.png", "influencerbanner36": "https://fortnite-api.com/images/banners/influencerbanner36/icon.png", "otherbanner6": "https://fortnite-api.com/images/banners/otherbanner6/icon.png", "brs15_valentines2021_3": "https://fortnite-api.com/images/banners/brs15_valentines2021_3/icon.png", "winter2018cooker": "https://fortnite-api.com/images/banners/winter2018cooker/icon.png", "br14dayssnowglobe": "https://fortnite-api.com/images/banners/br14dayssnowglobe/icon.png", "otherbanner44": "https://fortnite-api.com/images/banners/otherbanner44/icon.png", "brseason04dogbowl": "https://fortnite-api.com/images/banners/brseason04dogbowl/icon.png", "influencerbanner55": "https://fortnite-api.com/images/banners/influencerbanner55/icon.png", "starlightbanner2": "https://fortnite-api.com/images/banners/starlightbanner2/icon.png", "brs11llama": "https://fortnite-api.com/images/banners/brs11llama/icon.png", "brs8coconuts": "https://fortnite-api.com/images/banners/brs8coconuts/icon.png", "brseason02log": "https://fortnite-api.com/images/banners/brseason02log/icon.png", "brs10rift": "https://fortnite-api.com/images/banners/brs10rift/icon.png", "otherbanner54": "https://fortnite-api.com/images/banners/otherbanner54/icon.png", "brseason04fence": "https://fortnite-api.com/images/banners/brseason04fence/icon.png", "brs17_island2": "https://fortnite-api.com/images/banners/brs17_island2/icon.png", "brs8cumulativels8": "https://fortnite-api.com/images/banners/brs8cumulativels8/icon.png", "standardbanner17": "https://fortnite-api.com/images/banners/standardbanner17/icon.png", "brseason02tank": "https://fortnite-api.com/images/banners/brseason02tank/icon.png", "brs13_professorpup": "https://fortnite-api.com/images/banners/brs13_professorpup/icon.png", "standardbanner7": "https://fortnite-api.com/images/banners/standardbanner7/icon.png", "brs12_bananaagent": "https://fortnite-api.com/images/banners/brs12_bananaagent/icon.png", "survivalbannerstorm2018hard": "https://fortnite-api.com/images/banners/survivalbannerstorm2018hard/icon.png", "brs10grid": "https://fortnite-api.com/images/banners/brs10grid/icon.png", "wargameslava": "https://fortnite-api.com/images/banners/wargameslava/icon.png", "brseason03flail": "https://fortnite-api.com/images/banners/brseason03flail/icon.png", "brs22_meteorwomen": "https://fortnite-api.com/images/banners/brs22_meteorwomen/icon.png", "brs22_discordquest": "https://fortnite-api.com/images/banners/brs22_discordquest/icon.png", "brseason05tictactoe": "https://fortnite-api.com/images/banners/brseason05tictactoe/icon.png", "foundertier5banner4": "https://fortnite-api.com/images/banners/foundertier5banner4/icon.png", "foundertier3banner4": "https://fortnite-api.com/images/banners/foundertier3banner4/icon.png", "brs24_springfling_2023": "https://fortnite-api.com/images/banners/brs24_springfling_2023/icon.png", "brseason04filmcamera": "https://fortnite-api.com/images/banners/brseason04filmcamera/icon.png", "brs12_prestige2": "https://fortnite-api.com/images/banners/brs12_prestige2/icon.png", "otherbanner21": "https://fortnite-api.com/images/banners/otherbanner21/icon.png", "otherbanner9": "https://fortnite-api.com/images/banners/otherbanner9/icon.png", "brs17_alientrooper": "https://fortnite-api.com/images/banners/brs17_alientrooper/icon.png", "brs23_referfriend": "https://fortnite-api.com/images/banners/brs23_referfriend/icon.png", "wargamesanomaly": "https://fortnite-api.com/images/banners/wargamesanomaly/icon.png", "brs16_agentjonesy": "https://fortnite-api.com/images/banners/brs16_agentjonesy/icon.png", "standardbanner6": "https://fortnite-api.com/images/banners/standardbanner6/icon.png", "brs25_silenttempo": "https://fortnite-api.com/images/banners/brs25_silenttempo/icon.png", "otherbanner35": "https://fortnite-api.com/images/banners/otherbanner35/icon.png", "brs12_roses": "https://fortnite-api.com/images/banners/brs12_roses/icon.png", "starlightbanner1": "https://fortnite-api.com/images/banners/starlightbanner1/icon.png", "brs15_pspluspack2021": "https://fortnite-api.com/images/banners/brs15_pspluspack2021/icon.png", "brs24_localzilla_narrativequest": "https://fortnite-api.com/images/banners/brs24_localzilla_narrativequest/icon.png", "brs9spade": "https://fortnite-api.com/images/banners/brs9spade/icon.png", "brseason03wing": "https://fortnite-api.com/images/banners/brseason03wing/icon.png", "brseason03dinosaurskull": "https://fortnite-api.com/images/banners/brseason03dinosaurskull/icon.png", "brs14_pspluspack11": "https://fortnite-api.com/images/banners/brs14_pspluspack11/icon.png", "otherbanner49": "https://fortnite-api.com/images/banners/otherbanner49/icon.png", "brs22_fortnitemares_2022": "https://fortnite-api.com/images/banners/brs22_fortnitemares_2022/icon.png", "brs13_yonezu": "https://fortnite-api.com/images/banners/brs13_yonezu/icon.png", "brs10boombox": "https://fortnite-api.com/images/banners/brs10boombox/icon.png", "brs19_exosuitflower": "https://fortnite-api.com/images/banners/brs19_exosuitflower/icon.png", "brs17_invader": "https://fortnite-api.com/images/banners/brs17_invader/icon.png", "influencerbanner47": "https://fortnite-api.com/images/banners/influencerbanner47/icon.png", "brseason03falcon": "https://fortnite-api.com/images/banners/brseason03falcon/icon.png", "otherbanner22": "https://fortnite-api.com/images/banners/otherbanner22/icon.png", "influencerbanner4": "https://fortnite-api.com/images/banners/influencerbanner4/icon.png", "brs15_cosmosa": "https://fortnite-api.com/images/banners/brs15_cosmosa/icon.png", "brs8whaletail": "https://fortnite-api.com/images/banners/brs8whaletail/icon.png", "brseason07trash": "https://fortnite-api.com/images/banners/brseason07trash/icon.png", "brs17_island": "https://fortnite-api.com/images/banners/brs17_island/icon.png", "foundertier3banner1": "https://fortnite-api.com/images/banners/foundertier3banner1/icon.png", "otherbanner2": "https://fortnite-api.com/images/banners/otherbanner2/icon.png", "influencerbanner34": "https://fortnite-api.com/images/banners/influencerbanner34/icon.png", "otherbanner17": "https://fortnite-api.com/images/banners/otherbanner17/icon.png", "achievementtalentedbuilder": "https://fortnite-api.com/images/banners/achievementtalentedbuilder/icon.png", "bannercupe": "https://fortnite-api.com/images/banners/bannercupe/icon.png", "brs14_hightowerdate": "https://fortnite-api.com/images/banners/brs14_hightowerdate/icon.png", "brseason04duck": "https://fortnite-api.com/images/banners/brseason04duck/icon.png", "bannercupf": "https://fortnite-api.com/images/banners/bannercupf/icon.png", "brseason06zigzag": "https://fortnite-api.com/images/banners/brseason06zigzag/icon.png", "brseason05ribbon": "https://fortnite-api.com/images/banners/brseason05ribbon/icon.png", "brs15_shapeshifter": "https://fortnite-api.com/images/banners/brs15_shapeshifter/icon.png", "brs17_alt_1": "https://fortnite-api.com/images/banners/brs17_alt_1/icon.png", "ot9banner": "https://fortnite-api.com/images/banners/ot9banner/icon.png", "winter2018wave30complete": "https://fortnite-api.com/images/banners/winter2018wave30complete/icon.png", "brs12_donut": "https://fortnite-api.com/images/banners/brs12_donut/icon.png", "brs11_love": "https://fortnite-api.com/images/banners/brs11_love/icon.png", "achievementunspeakablehorrors": "https://fortnite-api.com/images/banners/achievementunspeakablehorrors/icon.png", "brs18_cerealbox": "https://fortnite-api.com/images/banners/brs18_cerealbox/icon.png", "influencerbanner15": "https://fortnite-api.com/images/banners/influencerbanner15/icon.png", "brs8cumulativels6": "https://fortnite-api.com/images/banners/brs8cumulativels6/icon.png", "brs20_sienna": "https://fortnite-api.com/images/banners/brs20_sienna/icon.png", "brs8firesymbol": "https://fortnite-api.com/images/banners/brs8firesymbol/icon.png", "brseason05icecreamtruck": "https://fortnite-api.com/images/banners/brseason05icecreamtruck/icon.png", "brs23_sunlit": "https://fortnite-api.com/images/banners/brs23_sunlit/icon.png", "foundertier1banner3": "https://fortnite-api.com/images/banners/foundertier1banner3/icon.png", "brs20_journeymentor": "https://fortnite-api.com/images/banners/brs20_journeymentor/icon.png", "bannercupc": "https://fortnite-api.com/images/banners/bannercupc/icon.png", "brs23_sharpfang": "https://fortnite-api.com/images/banners/brs23_sharpfang/icon.png", "brseason04bow": "https://fortnite-api.com/images/banners/brseason04bow/icon.png", "otherbanner40": "https://fortnite-api.com/images/banners/otherbanner40/icon.png", "otherbanner51": "https://fortnite-api.com/images/banners/otherbanner51/icon.png", "influencerbanner22": "https://fortnite-api.com/images/banners/influencerbanner22/icon.png", "winter2018gingerbreadman": "https://fortnite-api.com/images/banners/winter2018gingerbreadman/icon.png", "brs22_bites": "https://fortnite-api.com/images/banners/brs22_bites/icon.png", "brs13_sandcastle": "https://fortnite-api.com/images/banners/brs13_sandcastle/icon.png", "winter2018snowmanburied": "https://fortnite-api.com/images/banners/winter2018snowmanburied/icon.png", "otherbanner50": "https://fortnite-api.com/images/banners/otherbanner50/icon.png", "brs23_mostwanted": "https://fortnite-api.com/images/banners/brs23_mostwanted/icon.png", "brseason03worm": "https://fortnite-api.com/images/banners/brseason03worm/icon.png", "otherbanner33": "https://fortnite-api.com/images/banners/otherbanner33/icon.png", "brs18_clash": "https://fortnite-api.com/images/banners/brs18_clash/icon.png", "brs15_cosmosb": "https://fortnite-api.com/images/banners/brs15_cosmosb/icon.png", "brseason05cobra": "https://fortnite-api.com/images/banners/brseason05cobra/icon.png", "standardbanner20": "https://fortnite-api.com/images/banners/standardbanner20/icon.png", "foundertier2banner3": "https://fortnite-api.com/images/banners/foundertier2banner3/icon.png", "brs17_emperor": "https://fortnite-api.com/images/banners/brs17_emperor/icon.png", "brseason06gravestone": "https://fortnite-api.com/images/banners/brseason06gravestone/icon.png", "ot3banner": "https://fortnite-api.com/images/banners/ot3banner/icon.png", "brs8cumulativels2": "https://fortnite-api.com/images/banners/brs8cumulativels2/icon.png", "wargamesriotcity": "https://fortnite-api.com/images/banners/wargamesriotcity/icon.png", "brs18_sciencedungeonstw": "https://fortnite-api.com/images/banners/brs18_sciencedungeonstw/icon.png", "brs20_cadetshirt": "https://fortnite-api.com/images/banners/brs20_cadetshirt/icon.png", "brs12_grenade": "https://fortnite-api.com/images/banners/brs12_grenade/icon.png", "brs20_mystic": "https://fortnite-api.com/images/banners/brs20_mystic/icon.png", "brs17_innovator": "https://fortnite-api.com/images/banners/brs17_innovator/icon.png", "brs25_rippedharvester": "https://fortnite-api.com/images/banners/brs25_rippedharvester/icon.png", "hordebanner2018cannyvalley": "https://fortnite-api.com/images/banners/hordebanner2018cannyvalley/icon.png", "brseason06dice": "https://fortnite-api.com/images/banners/brseason06dice/icon.png", "standardbanner18": "https://fortnite-api.com/images/banners/standardbanner18/icon.png", "foundertier2banner1": "https://fortnite-api.com/images/banners/foundertier2banner1/icon.png", "brs15_valentines2021": "https://fortnite-api.com/images/banners/brs15_valentines2021/icon.png", "brs7overtime": "https://fortnite-api.com/images/banners/brs7overtime/icon.png", "brs9completionbountyhunter": "https://fortnite-api.com/images/banners/brs9completionbountyhunter/icon.png", "brskirmishdustydogs": "https://fortnite-api.com/images/banners/brskirmishdustydogs/icon.png", "foundertier3banner5": "https://fortnite-api.com/images/banners/foundertier3banner5/icon.png", "otherbanner72": "https://fortnite-api.com/images/banners/otherbanner72/icon.png", "brs18_teriyakifishtoon": "https://fortnite-api.com/images/banners/brs18_teriyakifishtoon/icon.png", "standardbanner28": "https://fortnite-api.com/images/banners/standardbanner28/icon.png", "endurancewave30theater01": "https://fortnite-api.com/images/banners/endurancewave30theater01/icon.png", "brs24_creativequest": "https://fortnite-api.com/images/banners/brs24_creativequest/icon.png", "brs18_punkkoi": "https://fortnite-api.com/images/banners/brs18_punkkoi/icon.png", "brs24_ranked2": "https://fortnite-api.com/images/banners/brs24_ranked2/icon.png", "influencerbanner54": "https://fortnite-api.com/images/banners/influencerbanner54/icon.png", "brcompletioncupiddark": "https://fortnite-api.com/images/banners/brcompletioncupiddark/icon.png", "brs16_alt_1": "https://fortnite-api.com/images/banners/brs16_alt_1/icon.png", "brs23_apprentice": "https://fortnite-api.com/images/banners/brs23_apprentice/icon.png", "brs11sigil": "https://fortnite-api.com/images/banners/brs11sigil/icon.png", "brs11bolts": "https://fortnite-api.com/images/banners/brs11bolts/icon.png", "foundertier4banner3": "https://fortnite-api.com/images/banners/foundertier4banner3/icon.png", "brs10blackmonday": "https://fortnite-api.com/images/banners/brs10blackmonday/icon.png", "influencerbanner16": "https://fortnite-api.com/images/banners/influencerbanner16/icon.png", "standardbanner14": "https://fortnite-api.com/images/banners/standardbanner14/icon.png", "brs25_buffcatcruise": "https://fortnite-api.com/images/banners/brs25_buffcatcruise/icon.png", "brseason07meat": "https://fortnite-api.com/images/banners/brseason07meat/icon.png", "brs16_basketball_2021_g89sl": "https://fortnite-api.com/images/banners/brs16_basketball_2021_g89sl/icon.png", "influencerbanner58": "https://fortnite-api.com/images/banners/influencerbanner58/icon.png", "brseason05scubagear": "https://fortnite-api.com/images/banners/brseason05scubagear/icon.png", "endurancewave30theater03": "https://fortnite-api.com/images/banners/endurancewave30theater03/icon.png", "brseason03shootingstar": "https://fortnite-api.com/images/banners/brseason03shootingstar/icon.png", "standardbanner22": "https://fortnite-api.com/images/banners/standardbanner22/icon.png", "brseason03donut": "https://fortnite-api.com/images/banners/brseason03donut/icon.png", "brseason04seaserpent": "https://fortnite-api.com/images/banners/brseason04seaserpent/icon.png", "brs9lvl100": "https://fortnite-api.com/images/banners/brs9lvl100/icon.png", "brs10doublepump": "https://fortnite-api.com/images/banners/brs10doublepump/icon.png", "brs21_canary": "https://fortnite-api.com/images/banners/brs21_canary/icon.png", "otherbanner67": "https://fortnite-api.com/images/banners/otherbanner67/icon.png", "brs15_lexa": "https://fortnite-api.com/images/banners/brs15_lexa/icon.png", "standardbanner3": "https://fortnite-api.com/images/banners/standardbanner3/icon.png", "brs914daysgrillin": "https://fortnite-api.com/images/banners/brs914daysgrillin/icon.png", "brseason04teef": "https://fortnite-api.com/images/banners/brseason04teef/icon.png", "brs23_project_maze_ig": "https://fortnite-api.com/images/banners/brs23_project_maze_ig/icon.png", "brseason02gasmask": "https://fortnite-api.com/images/banners/brseason02gasmask/icon.png", "ot8banner": "https://fortnite-api.com/images/banners/ot8banner/icon.png", "wargamesgenerators": "https://fortnite-api.com/images/banners/wargamesgenerators/icon.png", "brs20_cubeking": "https://fortnite-api.com/images/banners/brs20_cubeking/icon.png", "brs9cone": "https://fortnite-api.com/images/banners/brs9cone/icon.png", "brs25_fortnitestories_slurp": "https://fortnite-api.com/images/banners/brs25_fortnitestories_slurp/icon.png", "achievementguardianangel": "https://fortnite-api.com/images/banners/achievementguardianangel/icon.png", "brseason01": "https://fortnite-api.com/images/banners/brseason01/icon.png", "standardbanner12": "https://fortnite-api.com/images/banners/standardbanner12/icon.png", "brs15_futuresamurai": "https://fortnite-api.com/images/banners/brs15_futuresamurai/icon.png", "brs21_bluejay": "https://fortnite-api.com/images/banners/brs21_bluejay/icon.png", "influencerbanner23": "https://fortnite-api.com/images/banners/influencerbanner23/icon.png", "influencerbanner14": "https://fortnite-api.com/images/banners/influencerbanner14/icon.png", "foundertier5banner5": "https://fortnite-api.com/images/banners/foundertier5banner5/icon.png", "storm": "https://fortnite-api.com/images/banners/storm/icon.png", "survivalbannerplankertoncomplete": "https://fortnite-api.com/images/banners/survivalbannerplankertoncomplete/icon.png", "brs14_hightowerradish": "https://fortnite-api.com/images/banners/brs14_hightowerradish/icon.png", "brs12_brazildrum": "https://fortnite-api.com/images/banners/brs12_brazildrum/icon.png", "otherbanner26": "https://fortnite-api.com/images/banners/otherbanner26/icon.png", "brs14_hightowerwasabi": "https://fortnite-api.com/images/banners/brs14_hightowerwasabi/icon.png", "brseason06seasonlevel100": "https://fortnite-api.com/images/banners/brseason06seasonlevel100/icon.png", "influencerbanner25": "https://fortnite-api.com/images/banners/influencerbanner25/icon.png", "otherbanner7": "https://fortnite-api.com/images/banners/otherbanner7/icon.png", "brs23_project_maze_aa": "https://fortnite-api.com/images/banners/brs23_project_maze_aa/icon.png", "brseason05dolphin": "https://fortnite-api.com/images/banners/brseason05dolphin/icon.png", "brs17_alt_2": "https://fortnite-api.com/images/banners/brs17_alt_2/icon.png", "brs11fishhook": "https://fortnite-api.com/images/banners/brs11fishhook/icon.png", "brseason03wolf": "https://fortnite-api.com/images/banners/brseason03wolf/icon.png", "winter2018beartrapfoot": "https://fortnite-api.com/images/banners/winter2018beartrapfoot/icon.png", "brs11_prestige1": "https://fortnite-api.com/images/banners/brs11_prestige1/icon.png", "wargamesoffspring": "https://fortnite-api.com/images/banners/wargamesoffspring/icon.png", "otherbanner48": "https://fortnite-api.com/images/banners/otherbanner48/icon.png", "otherbanner8": "https://fortnite-api.com/images/banners/otherbanner8/icon.png", "influencerbanner43": "https://fortnite-api.com/images/banners/influencerbanner43/icon.png", "galileod": "https://fortnite-api.com/images/banners/galileod/icon.png", "otherbanner38": "https://fortnite-api.com/images/banners/otherbanner38/icon.png", "brs11treesymbol": "https://fortnite-api.com/images/banners/brs11treesymbol/icon.png", "brs14_pedestal": "https://fortnite-api.com/images/banners/brs14_pedestal/icon.png", "standardbanner11": "https://fortnite-api.com/images/banners/standardbanner11/icon.png", "brs19_showdowntomato": "https://fortnite-api.com/images/banners/brs19_showdowntomato/icon.png", "influencerbanner49": "https://fortnite-api.com/images/banners/influencerbanner49/icon.png", "brs14_hightowertapas": "https://fortnite-api.com/images/banners/brs14_hightowertapas/icon.png", "survivalbannerholidaymed": "https://fortnite-api.com/images/banners/survivalbannerholidaymed/icon.png", "brseason04fish": "https://fortnite-api.com/images/banners/brseason04fish/icon.png", "ot1banner": "https://fortnite-api.com/images/banners/ot1banner/icon.png", "otherbanner31": "https://fortnite-api.com/images/banners/otherbanner31/icon.png", "brseason06pickaxebr": "https://fortnite-api.com/images/banners/brseason06pickaxebr/icon.png", "standardbanner31": "https://fortnite-api.com/images/banners/standardbanner31/icon.png", "brs12_prestige1": "https://fortnite-api.com/images/banners/brs12_prestige1/icon.png", "foundertier5banner2": "https://fortnite-api.com/images/banners/foundertier5banner2/icon.png", "brs24_stwhordemode_mvp_mapbonus": "https://fortnite-api.com/images/banners/brs24_stwhordemode_mvp_mapbonus/icon.png", "brseason06campfire": "https://fortnite-api.com/images/banners/brseason06campfire/icon.png", "standardbanner8": "https://fortnite-api.com/images/banners/standardbanner8/icon.png", "wargamespods": "https://fortnite-api.com/images/banners/wargamespods/icon.png", "brseason03snake": "https://fortnite-api.com/images/banners/brseason03snake/icon.png", "brs19_flowerskeleton": "https://fortnite-api.com/images/banners/brs19_flowerskeleton/icon.png", "brseason07cumulativels8": "https://fortnite-api.com/images/banners/brseason07cumulativels8/icon.png", "standardbanner2": "https://fortnite-api.com/images/banners/standardbanner2/icon.png", "brs11_war": "https://fortnite-api.com/images/banners/brs11_war/icon.png", "otherbanner58": "https://fortnite-api.com/images/banners/otherbanner58/icon.png", "brs13_racer-zero": "https://fortnite-api.com/images/banners/brs13_racer-zero/icon.png", "brs20_armadillo_heartache": "https://fortnite-api.com/images/banners/brs20_armadillo_heartache/icon.png", "brs20_cyberarmor": "https://fortnite-api.com/images/banners/brs20_cyberarmor/icon.png", "brseason07completionsgtwinter": "https://fortnite-api.com/images/banners/brseason07completionsgtwinter/icon.png", "brseason07completioniceking": "https://fortnite-api.com/images/banners/brseason07completioniceking/icon.png", "brseason03whale": "https://fortnite-api.com/images/banners/brseason03whale/icon.png", "brs25_crisprover": "https://fortnite-api.com/images/banners/brs25_crisprover/icon.png", "brs8jollyroger": "https://fortnite-api.com/images/banners/brs8jollyroger/icon.png", "brseason03shark": "https://fortnite-api.com/images/banners/brseason03shark/icon.png", "brs9plane": "https://fortnite-api.com/images/banners/brs9plane/icon.png", "brseason03eagle": "https://fortnite-api.com/images/banners/brseason03eagle/icon.png", "starlightbanner6": "https://fortnite-api.com/images/banners/starlightbanner6/icon.png", "foundertier2banner4": "https://fortnite-api.com/images/banners/foundertier2banner4/icon.png", "foundertier4banner2": "https://fortnite-api.com/images/banners/foundertier4banner2/icon.png", "brs8cumulativels10": "https://fortnite-api.com/images/banners/brs8cumulativels10/icon.png", "influencerbanner38": "https://fortnite-api.com/images/banners/influencerbanner38/icon.png", "otherbanner45": "https://fortnite-api.com/images/banners/otherbanner45/icon.png", "survivalbannerstorm2018med": "https://fortnite-api.com/images/banners/survivalbannerstorm2018med/icon.png", "brs25_agentsherbert": "https://fortnite-api.com/images/banners/brs25_agentsherbert/icon.png", "brseason03bee": "https://fortnite-api.com/images/banners/brseason03bee/icon.png", "brseason06bat": "https://fortnite-api.com/images/banners/brseason06bat/icon.png", "brseason05binoculars": "https://fortnite-api.com/images/banners/brseason05binoculars/icon.png", "brseason06diagonalstripes": "https://fortnite-api.com/images/banners/brseason06diagonalstripes/icon.png", "brs22_pinkspike": "https://fortnite-api.com/images/banners/brs22_pinkspike/icon.png", "brseason06skulltrooper": "https://fortnite-api.com/images/banners/brseason06skulltrooper/icon.png", "foundertier4banner4": "https://fortnite-api.com/images/banners/foundertier4banner4/icon.png", "otherbanner65": "https://fortnite-api.com/images/banners/otherbanner65/icon.png", "standardbanner30": "https://fortnite-api.com/images/banners/standardbanner30/icon.png", "brseason07completionneoncat": "https://fortnite-api.com/images/banners/brseason07completionneoncat/icon.png", "standardbanner21": "https://fortnite-api.com/images/banners/standardbanner21/icon.png", "br14daysribbon": "https://fortnite-api.com/images/banners/br14daysribbon/icon.png", "brs21_lancelottower": "https://fortnite-api.com/images/banners/brs21_lancelottower/icon.png", "hordebanner2018stonewood": "https://fortnite-api.com/images/banners/hordebanner2018stonewood/icon.png", "ot7banner": "https://fortnite-api.com/images/banners/ot7banner/icon.png", "brskirmishriftraiders": "https://fortnite-api.com/images/banners/brskirmishriftraiders/icon.png", "wargamestornado": "https://fortnite-api.com/images/banners/wargamestornado/icon.png", "brs11_prestige2": "https://fortnite-api.com/images/banners/brs11_prestige2/icon.png", "brseason07completionarcticsniper": "https://fortnite-api.com/images/banners/brseason07completionarcticsniper/icon.png", "otherbanner43": "https://fortnite-api.com/images/banners/otherbanner43/icon.png", "brs10blackmondayteaser": "https://fortnite-api.com/images/banners/brs10blackmondayteaser/icon.png", "brs9violin": "https://fortnite-api.com/images/banners/brs9violin/icon.png", "foundertier4banner5": "https://fortnite-api.com/images/banners/foundertier4banner5/icon.png", "brs10shades": "https://fortnite-api.com/images/banners/brs10shades/icon.png", "brseason05kitsune": "https://fortnite-api.com/images/banners/brseason05kitsune/icon.png", "otherbanner78": "https://fortnite-api.com/images/banners/otherbanner78/icon.png", "brs11_prestige4": "https://fortnite-api.com/images/banners/brs11_prestige4/icon.png", "otherbanner68": "https://fortnite-api.com/images/banners/otherbanner68/icon.png", "starlightbanner3": "https://fortnite-api.com/images/banners/starlightbanner3/icon.png", "brseason03crab": "https://fortnite-api.com/images/banners/brseason03crab/icon.png", "brs14_hightowerhoneydew": "https://fortnite-api.com/images/banners/brs14_hightowerhoneydew/icon.png", "brs11_prestige3": "https://fortnite-api.com/images/banners/brs11_prestige3/icon.png", "otherbanner55": "https://fortnite-api.com/images/banners/otherbanner55/icon.png", "brs12_kitty": "https://fortnite-api.com/images/banners/brs12_kitty/icon.png", "brs18_kiwi": "https://fortnite-api.com/images/banners/brs18_kiwi/icon.png", "otherbanner66": "https://fortnite-api.com/images/banners/otherbanner66/icon.png", "otherbanner76": "https://fortnite-api.com/images/banners/otherbanner76/icon.png", "otherbanner75": "https://fortnite-api.com/images/banners/otherbanner75/icon.png", "brseason07octopus": "https://fortnite-api.com/images/banners/brseason07octopus/icon.png", "brs14_scooter": "https://fortnite-api.com/images/banners/brs14_scooter/icon.png", "brseason05crown": "https://fortnite-api.com/images/banners/brseason05crown/icon.png", "otherbanner59": "https://fortnite-api.com/images/banners/otherbanner59/icon.png", "winter2018crownflame": "https://fortnite-api.com/images/banners/winter2018crownflame/icon.png", "brs8completiondragonninja": "https://fortnite-api.com/images/banners/brs8completiondragonninja/icon.png", "brs24_inferno": "https://fortnite-api.com/images/banners/brs24_inferno/icon.png", "brs11fish": "https://fortnite-api.com/images/banners/brs11fish/icon.png", "brs9worldcup2019": "https://fortnite-api.com/images/banners/brs9worldcup2019/icon.png", "influencerbanner28": "https://fortnite-api.com/images/banners/influencerbanner28/icon.png", "brs17_faux": "https://fortnite-api.com/images/banners/brs17_faux/icon.png", "brs18_fortnitemares2021": "https://fortnite-api.com/images/banners/brs18_fortnitemares2021/icon.png", "brs23_sunburst": "https://fortnite-api.com/images/banners/brs23_sunburst/icon.png", "standardbanner23": "https://fortnite-api.com/images/banners/standardbanner23/icon.png", "brs18_rlss_egg_qk1b3": "https://fortnite-api.com/images/banners/brs18_rlss_egg_qk1b3/icon.png", "influencerbanner5": "https://fortnite-api.com/images/banners/influencerbanner5/icon.png", "otherbanner32": "https://fortnite-api.com/images/banners/otherbanner32/icon.png", "brs24_stwhordemode_mvp_lvl1": "https://fortnite-api.com/images/banners/brs24_stwhordemode_mvp_lvl1/icon.png", "brs13_tacticalscuba": "https://fortnite-api.com/images/banners/brs13_tacticalscuba/icon.png", "brs24_nebula": "https://fortnite-api.com/images/banners/brs24_nebula/icon.png", "brseason02dragon": "https://fortnite-api.com/images/banners/brseason02dragon/icon.png", "brs19_guavaevent": "https://fortnite-api.com/images/banners/brs19_guavaevent/icon.png", "otherbanner53": "https://fortnite-api.com/images/banners/otherbanner53/icon.png", "otherbanner25": "https://fortnite-api.com/images/banners/otherbanner25/icon.png", "ot10banner": "https://fortnite-api.com/images/banners/ot10banner/icon.png", "brs19_gumball": "https://fortnite-api.com/images/banners/brs19_gumball/icon.png", "hordebanner2018twinepeaks": "https://fortnite-api.com/images/banners/hordebanner2018twinepeaks/icon.png", "brs22_candor": "https://fortnite-api.com/images/banners/brs22_candor/icon.png", "brs24_vitalpsych": "https://fortnite-api.com/images/banners/brs24_vitalpsych/icon.png", "foundertier2banner5": "https://fortnite-api.com/images/banners/foundertier2banner5/icon.png", "brs23_project_maze_ax": "https://fortnite-api.com/images/banners/brs23_project_maze_ax/icon.png", "brs11xmassweaterb": "https://fortnite-api.com/images/banners/brs11xmassweaterb/icon.png", "influencerbanner30": "https://fortnite-api.com/images/banners/influencerbanner30/icon.png", "otherbanner42": "https://fortnite-api.com/images/banners/otherbanner42/icon.png", "brs24_dazzle": "https://fortnite-api.com/images/banners/brs24_dazzle/icon.png", "otherbanner4": "https://fortnite-api.com/images/banners/otherbanner4/icon.png", "otherbanner13": "https://fortnite-api.com/images/banners/otherbanner13/icon.png", "brs19_showdownreaper": "https://fortnite-api.com/images/banners/brs19_showdownreaper/icon.png", "brs10techopsblue": "https://fortnite-api.com/images/banners/brs10techopsblue/icon.png", "influencerbanner2": "https://fortnite-api.com/images/banners/influencerbanner2/icon.png", "brskirmishfortknights": "https://fortnite-api.com/images/banners/brskirmishfortknights/icon.png", "brs9bone": "https://fortnite-api.com/images/banners/brs9bone/icon.png", "brs12_skull": "https://fortnite-api.com/images/banners/brs12_skull/icon.png", "brs16_chickenwarrior": "https://fortnite-api.com/images/banners/brs16_chickenwarrior/icon.png", "brs9completionrooster": "https://fortnite-api.com/images/banners/brs9completionrooster/icon.png", "brseason07infinityblade": "https://fortnite-api.com/images/banners/brseason07infinityblade/icon.png", "brseason03dogcollar": "https://fortnite-api.com/images/banners/brseason03dogcollar/icon.png", "foundertier5banner1": "https://fortnite-api.com/images/banners/foundertier5banner1/icon.png", "brs13_mechanicalengineer": "https://fortnite-api.com/images/banners/brs13_mechanicalengineer/icon.png", "brs9completionbattlesuit": "https://fortnite-api.com/images/banners/brs9completionbattlesuit/icon.png", "foundertier2banner2": "https://fortnite-api.com/images/banners/foundertier2banner2/icon.png", "otherbanner61": "https://fortnite-api.com/images/banners/otherbanner61/icon.png", "otherbanner34": "https://fortnite-api.com/images/banners/otherbanner34/icon.png", "brs18_headband": "https://fortnite-api.com/images/banners/brs18_headband/icon.png", "otherbanner15": "https://fortnite-api.com/images/banners/otherbanner15/icon.png", "brs8ziggurat": "https://fortnite-api.com/images/banners/brs8ziggurat/icon.png", "brseason02monstertruck": "https://fortnite-api.com/images/banners/brseason02monstertruck/icon.png", "foundertier1banner2": "https://fortnite-api.com/images/banners/foundertier1banner2/icon.png", "brs9bacon": "https://fortnite-api.com/images/banners/brs9bacon/icon.png", "brs18_ghosthunter": "https://fortnite-api.com/images/banners/brs18_ghosthunter/icon.png", "influencerbanner8": "https://fortnite-api.com/images/banners/influencerbanner8/icon.png", "brs23_magicmeadow": "https://fortnite-api.com/images/banners/brs23_magicmeadow/icon.png", "influencerbanner6": "https://fortnite-api.com/images/banners/influencerbanner6/icon.png", "brseason07iceninjastar": "https://fortnite-api.com/images/banners/brseason07iceninjastar/icon.png", "s8stormking": "https://fortnite-api.com/images/banners/s8stormking/icon.png", "otherbanner11": "https://fortnite-api.com/images/banners/otherbanner11/icon.png", "influencerbanner33": "https://fortnite-api.com/images/banners/influencerbanner33/icon.png", "brs19_exosuitpattern": "https://fortnite-api.com/images/banners/brs19_exosuitpattern/icon.png", "standardbanner26": "https://fortnite-api.com/images/banners/standardbanner26/icon.png", "survivalbannerstonewoodcomplete": "https://fortnite-api.com/images/banners/survivalbannerstonewoodcomplete/icon.png", "influencerbanner51": "https://fortnite-api.com/images/banners/influencerbanner51/icon.png", "brseason05spiderbadass": "https://fortnite-api.com/images/banners/brseason05spiderbadass/icon.png", "brs25_cindermax": "https://fortnite-api.com/images/banners/brs25_cindermax/icon.png", "brs19_parallel": "https://fortnite-api.com/images/banners/brs19_parallel/icon.png", "brseason06rift": "https://fortnite-api.com/images/banners/brseason06rift/icon.png", "influencerbanner50": "https://fortnite-api.com/images/banners/influencerbanner50/icon.png", "brseason04only90skids": "https://fortnite-api.com/images/banners/brseason04only90skids/icon.png", "brseason02salt": "https://fortnite-api.com/images/banners/brseason02salt/icon.png", "standardbanner1": "https://fortnite-api.com/images/banners/standardbanner1/icon.png", "brseason03tophat": "https://fortnite-api.com/images/banners/brseason03tophat/icon.png", "brseason05barrel": "https://fortnite-api.com/images/banners/brseason05barrel/icon.png", "brworldcup2019": "https://fortnite-api.com/images/banners/brworldcup2019/icon.png", "brs24_stwhordemode_mvp_lvl2": "https://fortnite-api.com/images/banners/brs24_stwhordemode_mvp_lvl2/icon.png", "otherbanner30": "https://fortnite-api.com/images/banners/otherbanner30/icon.png", "brs17_believerplanet": "https://fortnite-api.com/images/banners/brs17_believerplanet/icon.png", "influencerbanner18": "https://fortnite-api.com/images/banners/influencerbanner18/icon.png", "standardbanner25": "https://fortnite-api.com/images/banners/standardbanner25/icon.png", "brseason04spraycan": "https://fortnite-api.com/images/banners/brseason04spraycan/icon.png", "otherbanner41": "https://fortnite-api.com/images/banners/otherbanner41/icon.png", "brs8level100": "https://fortnite-api.com/images/banners/brs8level100/icon.png", "achievementworldexplorer": "https://fortnite-api.com/images/banners/achievementworldexplorer/icon.png", "otherbanner29": "https://fortnite-api.com/images/banners/otherbanner29/icon.png", "brseason06housefly": "https://fortnite-api.com/images/banners/brseason06housefly/icon.png", "survivalbannerholidayeasy": "https://fortnite-api.com/images/banners/survivalbannerholidayeasy/icon.png", "survivalbannercannyvalleycomplete": "https://fortnite-api.com/images/banners/survivalbannercannyvalleycomplete/icon.png", "brs18_division": "https://fortnite-api.com/images/banners/brs18_division/icon.png", "brs11toxicmask": "https://fortnite-api.com/images/banners/brs11toxicmask/icon.png", "influencerbanner11": "https://fortnite-api.com/images/banners/influencerbanner11/icon.png", "brs22_showdown_co": "https://fortnite-api.com/images/banners/brs22_showdown_co/icon.png", "winter2018tower": "https://fortnite-api.com/images/banners/winter2018tower/icon.png", "brs19_winterfestcreative2022": "https://fortnite-api.com/images/banners/brs19_winterfestcreative2022/icon.png", "otherbanner24": "https://fortnite-api.com/images/banners/otherbanner24/icon.png", "wargamestelebomb": "https://fortnite-api.com/images/banners/wargamestelebomb/icon.png", "brs22_showdown_zet": "https://fortnite-api.com/images/banners/brs22_showdown_zet/icon.png", "brs18_cubequeen": "https://fortnite-api.com/images/banners/brs18_cubequeen/icon.png", "influencerbanner32": "https://fortnite-api.com/images/banners/influencerbanner32/icon.png", "otherbanner62": "https://fortnite-api.com/images/banners/otherbanner62/icon.png", "brs1080sllama": "https://fortnite-api.com/images/banners/brs1080sllama/icon.png", "brs18_spacechimp": "https://fortnite-api.com/images/banners/brs18_spacechimp/icon.png", "standardbanner9": "https://fortnite-api.com/images/banners/standardbanner9/icon.png", "brs21_fuchsia": "https://fortnite-api.com/images/banners/brs21_fuchsia/icon.png", "otherbanner70": "https://fortnite-api.com/images/banners/otherbanner70/icon.png", "brs19_winterfestgingerbread": "https://fortnite-api.com/images/banners/brs19_winterfestgingerbread/icon.png", "brseason05racingcheckers": "https://fortnite-api.com/images/banners/brseason05racingcheckers/icon.png", "influencerbanner39": "https://fortnite-api.com/images/banners/influencerbanner39/icon.png", "influencerbanner1": "https://fortnite-api.com/images/banners/influencerbanner1/icon.png", "brs19_motorcyclist": "https://fortnite-api.com/images/banners/brs19_motorcyclist/icon.png", "brs19_parallelsymbol": "https://fortnite-api.com/images/banners/brs19_parallelsymbol/icon.png", "otherbanner56": "https://fortnite-api.com/images/banners/otherbanner56/icon.png", "brseason03lightning": "https://fortnite-api.com/images/banners/brseason03lightning/icon.png", "brseason05glyph": "https://fortnite-api.com/images/banners/brseason05glyph/icon.png", "otherbanner47": "https://fortnite-api.com/images/banners/otherbanner47/icon.png", "influencerbanner29": "https://fortnite-api.com/images/banners/influencerbanner29/icon.png", "otherbanner3": "https://fortnite-api.com/images/banners/otherbanner3/icon.png", "brs20_binary": "https://fortnite-api.com/images/banners/brs20_binary/icon.png", "wargamessaucer": "https://fortnite-api.com/images/banners/wargamessaucer/icon.png", "foundertier1banner1": "https://fortnite-api.com/images/banners/foundertier1banner1/icon.png", "brs18_subsfortnitemares2021": "https://fortnite-api.com/images/banners/brs18_subsfortnitemares2021/icon.png", "starlightbanner5": "https://fortnite-api.com/images/banners/starlightbanner5/icon.png", "brseason07cumulativels10": "https://fortnite-api.com/images/banners/brseason07cumulativels10/icon.png", "otherbanner52": "https://fortnite-api.com/images/banners/otherbanner52/icon.png", "brs25_fortnitestories_slap": "https://fortnite-api.com/images/banners/brs25_fortnitestories_slap/icon.png", "brseason05palms": "https://fortnite-api.com/images/banners/brseason05palms/icon.png", "brseason05flowyhat": "https://fortnite-api.com/images/banners/brseason05flowyhat/icon.png", "brs20_cadetcat": "https://fortnite-api.com/images/banners/brs20_cadetcat/icon.png", "brs20_noble": "https://fortnite-api.com/images/banners/brs20_noble/icon.png", "brseason02lionherald": "https://fortnite-api.com/images/banners/brseason02lionherald/icon.png", "brs8completionpirate": "https://fortnite-api.com/images/banners/brs8completionpirate/icon.png", "brseason02crosshair": "https://fortnite-api.com/images/banners/brseason02crosshair/icon.png", "wargamesmeteor": "https://fortnite-api.com/images/banners/wargamesmeteor/icon.png", "maydayiconnormal": "https://fortnite-api.com/images/banners/maydayiconnormal/icon.png", "brs11smiley": "https://fortnite-api.com/images/banners/brs11smiley/icon.png", "otherbanner1": "https://fortnite-api.com/images/banners/otherbanner1/icon.png", "brseason02icecream": "https://fortnite-api.com/images/banners/brseason02icecream/icon.png", "brskirmishluckyllamas": "https://fortnite-api.com/images/banners/brskirmishluckyllamas/icon.png", "foundertier4banner1": "https://fortnite-api.com/images/banners/foundertier4banner1/icon.png", "brs26_indiebucket": "https://fortnite-api.com/images/banners/brs26_indiebucket/icon.png", "brs26_blazerveil": "https://fortnite-api.com/images/banners/brs26_blazerveil/icon.png", "brs26_brawnybass": "https://fortnite-api.com/images/banners/brs26_brawnybass/icon.png", "brs25_eventemblem": "https://fortnite-api.com/images/banners/brs25_eventemblem/icon.png", "brs26_lazaruslens": "https://fortnite-api.com/images/banners/brs26_lazaruslens/icon.png", "brs26_scorpionzero": "https://fortnite-api.com/images/banners/brs26_scorpionzero/icon.png", "brs26_musketslinger": "https://fortnite-api.com/images/banners/brs26_musketslinger/icon.png", "brs26_pizzaparty": "https://fortnite-api.com/images/banners/brs26_pizzaparty/icon.png", "brs26_referafriend": "https://fortnite-api.com/images/banners/brs26_referafriend/icon.png", "brs26_smarthyena": "https://fortnite-api.com/images/banners/brs26_smarthyena/icon.png", "brs26_iwd": "https://fortnite-api.com/images/banners/brs26_iwd/icon.png", "brs27_snowknight_helm2": "https://fortnite-api.com/images/banners/brs27_snowknight_helm2/icon.png", "brs27_snowknight_helm1": "https://fortnite-api.com/images/banners/brs27_snowknight_helm1/icon.png", "brs27_snowknight_helm3": "https://fortnite-api.com/images/banners/brs27_snowknight_helm3/icon.png", "brs27_snowknight_helm4": "https://fortnite-api.com/images/banners/brs27_snowknight_helm4/icon.png", "brs26_fortnitemares_quest": "https://fortnite-api.com/images/banners/brs26_fortnitemares_quest/icon.png", "brs27_snowknight_helm5": "https://fortnite-api.com/images/banners/brs27_snowknight_helm5/icon.png", "brs27_rebelclaw": "https://fortnite-api.com/images/banners/brs27_rebelclaw/icon.png", "brs28_voidredemption": "https://fortnite-api.com/images/banners/brs28_voidredemption/icon.png", "brs28_madamemoth": "https://fortnite-api.com/images/banners/brs28_madamemoth/icon.png", "brs28_ceremonialguard": "https://fortnite-api.com/images/banners/brs28_ceremonialguard/icon.png", "brs28_zebrascramble": "https://fortnite-api.com/images/banners/brs28_zebrascramble/icon.png", "brs28_undergroundrebel": "https://fortnite-api.com/images/banners/brs28_undergroundrebel/icon.png", "brs28_diamondheart": "https://fortnite-api.com/images/banners/brs28_diamondheart/icon.png", "brs28_ranked": "https://fortnite-api.com/images/banners/brs28_ranked/icon.png", "brs28_bengalbasher": "https://fortnite-api.com/images/banners/brs28_bengalbasher/icon.png", "brs28_tactic_heart": "https://fortnite-api.com/images/banners/brs28_tactic_heart/icon.png", "brs28_tactic_grenade": "https://fortnite-api.com/images/banners/brs28_tactic_grenade/icon.png", "brs29_iceberg_w": "https://fortnite-api.com/images/banners/brs29_iceberg_w/icon.png", "brs28_engagement": "https://fortnite-api.com/images/banners/brs28_engagement/icon.png", "brs29_stw_volcano": "https://fortnite-api.com/images/banners/brs29_stw_volcano/icon.png", "brs28_tactic_comet": "https://fortnite-api.com/images/banners/brs28_tactic_comet/icon.png", "brs29_gatehound": "https://fortnite-api.com/images/banners/brs29_gatehound/icon.png", "brs29_tideking": "https://fortnite-api.com/images/banners/brs29_tideking/icon.png", "brs28_tactic_swirl": "https://fortnite-api.com/images/banners/brs28_tactic_swirl/icon.png", "brs28_tactic_banana": "https://fortnite-api.com/images/banners/brs28_tactic_banana/icon.png", "brs29_liftingaura": "https://fortnite-api.com/images/banners/brs29_liftingaura/icon.png", "brs29_darkstance": "https://fortnite-api.com/images/banners/brs29_darkstance/icon.png", "brs29_selenacobra": "https://fortnite-api.com/images/banners/brs29_selenacobra/icon.png", "brs29_stw_moonrock": "https://fortnite-api.com/images/banners/brs29_stw_moonrock/icon.png", "brs28_tactic_tank": "https://fortnite-api.com/images/banners/brs28_tactic_tank/icon.png", "brs28_tactic_llama": "https://fortnite-api.com/images/banners/brs28_tactic_llama/icon.png", "brs28_tactic_explosion": "https://fortnite-api.com/images/banners/brs28_tactic_explosion/icon.png", "brs28_tactic_rocket": "https://fortnite-api.com/images/banners/brs28_tactic_rocket/icon.png", "brs29_iceberg_f": "https://fortnite-api.com/images/banners/brs29_iceberg_f/icon.png", "brs28_tactic_helmet": "https://fortnite-api.com/images/banners/brs28_tactic_helmet/icon.png", "brs29_doubleduty": "https://fortnite-api.com/images/banners/brs29_doubleduty/icon.png", "brs28_abstractmirror": "https://fortnite-api.com/images/banners/brs28_abstractmirror/icon.png", "brs29_reptilianocean": "https://fortnite-api.com/images/banners/brs29_reptilianocean/icon.png", "brs29_iceberg_a": "https://fortnite-api.com/images/banners/brs29_iceberg_a/icon.png", "brs29_stunningmountatin": "https://fortnite-api.com/images/banners/brs29_stunningmountatin/icon.png", "brs29_ranked": "https://fortnite-api.com/images/banners/brs29_ranked/icon.png", "brs29_plantstand": "https://fortnite-api.com/images/banners/brs29_plantstand/icon.png", "brs29_iceberg_e": "https://fortnite-api.com/images/banners/brs29_iceberg_e/icon.png", "brs29_sparksdetective": "https://fortnite-api.com/images/banners/brs29_sparksdetective/icon.png"}}