{"api": "Fortnite-API", "items": {"Backpack_AutumnDelivery": {"id": "Backpack_AutumnDelivery", "path": "AthenaBackpackItemDefinition'/Game/Athena/Items/Cosmetics/Backpacks/Backpack_AutumnDelivery.Backpack_AutumnDelivery'", "name": "Destined Aegis", "url": "https://fortnite-api.com/images/cosmetics/br/backpack_autumndelivery/icon.png", "type": {"value": "backpack", "displayValue": "Back Bling", "backendValue": "AthenaBackpack"}, "set": "Fate-Carved Warrior", "variants": null}, "Backpack_Ballerina_Honey": {"id": "Backpack_Ballerina_Honey", "path": "AthenaBackpackItemDefinition'/Game/Athena/Items/Cosmetics/Backpacks/Backpack_Ballerina_Honey.Backpack_Ballerina_Honey'", "name": "Floral Flutters", "url": "https://fortnite-api.com/images/cosmetics/br/backpack_ballerina_honey/icon.png", "type": {"value": "backpack", "displayValue": "Back Bling", "backendValue": "AthenaBackpack"}, "set": "Fae Ballet", "variants": null}, "Backpack_BionicSmoke": {"id": "Backpack_BionicSmoke", "path": "AthenaBackpackItemDefinition'/Game/Athena/Items/Cosmetics/Backpacks/Backpack_BionicSmoke.Backpack_BionicSmoke'", "name": "Drone Dock", "url": "https://fortnite-api.com/images/cosmetics/br/backpack_bionicsmoke/icon.png", "type": {"value": "backpack", "displayValue": "Back Bling", "backendValue": "AthenaBackpack"}, "set": "Natural Constructor", "variants": null}, "Backpack_CarrotCake": {"id": "Backpack_CarrotCake", "path": "AthenaBackpackItemDefinition'/Game/Athena/Items/Cosmetics/Backpacks/Backpack_CarrotCake.Backpack_CarrotCake'", "name": "Miss Minutes", "url": "https://fortnite-api.com/images/cosmetics/br/backpack_carrotcake/icon.png", "type": {"value": "backpack", "displayValue": "Back Bling", "backendValue": "AthenaBackpack"}, "set": "Loki", "variants": null}, "Backpack_ChessBoard": {"id": "Backpack_ChessBoard", "path": "AthenaBackpackItemDefinition'FortniteGame/Plugins/GameFeatures/BRCosmetics/Content/Athena/Items/Cosmetics/Backpacks/Backpack_ChessBoard.Backpack_ChessBoard'", "name": "Sylvie's Crown", "url": "https://fortnite-api.com/images/cosmetics/br/backpack_chessboard/icon.png", "type": {"value": "backpack", "displayValue": "Back Bling", "backendValue": "AthenaBackpack"}, "set": "Loki", "variants": null}, "Backpack_Contaminate": {"id": "Backpack_Contaminate", "path": "AthenaBackpackItemDefinition'FortniteGame/Plugins/GameFeatures/BRCosmetics/Content/Athena/Items/Cosmetics/Backpacks/Backpack_Contaminate.Backpack_Contaminate'", "name": "Kinetic Scabbard", "url": "https://fortnite-api.com/images/cosmetics/br/backpack_contaminate/icon.png", "type": {"value": "backpack", "displayValue": "Back Bling", "backendValue": "AthenaBackpack"}, "set": "Redline Rider", "variants": null}, "Backpack_CraftGlue": {"id": "Backpack_CraftGlue", "path": "AthenaBackpackItemDefinition'/Game/Athena/Items/Cosmetics/Backpacks/Backpack_CraftGlue.Backpack_CraftGlue'", "name": "Transform Containers", "url": "https://fortnite-api.com/images/cosmetics/br/backpack_craftglue/icon.png", "type": {"value": "backpack", "displayValue": "Back Bling", "backendValue": "AthenaBackpack"}, "set": "My Hero Academia", "variants": null}, "Backpack_EarthLane": {"id": "Backpack_EarthLane", "path": "AthenaBackpackItemDefinition'/Game/Athena/Items/Cosmetics/Backpacks/Backpack_EarthLane.Backpack_EarthLane'", "name": "Blueflame Lighter", "url": "https://fortnite-api.com/images/cosmetics/br/backpack_earthlane/icon.png", "type": {"value": "backpack", "displayValue": "Back Bling", "backendValue": "AthenaBackpack"}, "set": "My Hero Academia", "variants": null}, "Backpack_GuineaPig": {"id": "Backpack_GuineaPig", "path": "AthenaBackpackItemDefinition'FortniteGame/Plugins/GameFeatures/BRCosmetics/Content/Athena/Items/Cosmetics/Backpacks/Backpack_GuineaPig.Backpack_GuineaPig'", "name": "Disassembled C-3PO", "url": "https://fortnite-api.com/images/cosmetics/br/backpack_guineapig/icon.png", "type": {"value": "backpack", "displayValue": "Back Bling", "backendValue": "AthenaBackpack"}, "set": "Original Trilogy", "variants": null}, "Backpack_NebulaBurdenCache": {"id": "Backpack_NebulaBurdenCache", "path": "AthenaBackpackItemDefinition'FortniteGame/Plugins/GameFeatures/BRCosmetics/Content/Athena/Items/Cosmetics/Backpacks/Backpack_NebulaBurdenCache.Backpack_NebulaBurdenCache'", "name": "Pandora's Box", "url": "https://fortnite-api.com/images/cosmetics/br/backpack_nebulaburdencache/icon.png", "type": {"value": "backpack", "displayValue": "Back Bling", "backendValue": "AthenaBackpack"}, "set": null, "variants": null}, "Backpack_RetroPhotographer": {"id": "Backpack_RetroPhotographer", "path": "AthenaBackpackItemDefinition'/Game/Athena/Items/Cosmetics/Backpacks/Backpack_RetroPhotographer.Backpack_RetroPhotographer'", "name": "Snapshot Pack", "url": "https://fortnite-api.com/images/cosmetics/br/backpack_retrophotographer/icon.png", "type": {"value": "backpack", "displayValue": "Back Bling", "backendValue": "AthenaBackpack"}, "set": "Flawless Flora", "variants": null}, "Backpack_SageTwig": {"id": "Backpack_SageTwig", "path": "AthenaBackpackItemDefinition'/Game/Athena/Items/Cosmetics/Backpacks/Backpack_SageTwig.Backpack_SageTwig'", "name": "AWR Pack", "url": "https://fortnite-api.com/images/cosmetics/br/backpack_sagetwig/icon.png", "type": {"value": "backpack", "displayValue": "Back Bling", "backendValue": "AthenaBackpack"}, "set": "Original Trilogy", "variants": null}, "Backpack_SesameSeed": {"id": "Backpack_SesameSeed", "path": "AthenaBackpackItemDefinition'/Game/Athena/Items/Cosmetics/Backpacks/Backpack_SesameSeed.Backpack_SesameSeed'", "name": "Cloud City Model", "url": "https://fortnite-api.com/images/cosmetics/br/backpack_sesameseed/icon.png", "type": {"value": "backpack", "displayValue": "Back Bling", "backendValue": "AthenaBackpack"}, "set": "Original Trilogy", "variants": null}, "Backpack_SmokeyAlias": {"id": "Backpack_SmokeyAlias", "path": "AthenaBackpackItemDefinition'/Game/Athena/Items/Cosmetics/Backpacks/Backpack_SmokeyAlias.Backpack_SmokeyAlias'", "name": "Tatsuo's Gearbag", "url": "https://fortnite-api.com/images/cosmetics/br/backpack_smokeyalias/icon.png", "type": {"value": "backpack", "displayValue": "Back Bling", "backendValue": "AthenaBackpack"}, "set": "Crimson Warden", "variants": null}, "Backpack_TimeSquare": {"id": "Backpack_TimeSquare", "path": "AthenaBackpackItemDefinition'/Game/Athena/Items/Cosmetics/Backpacks/Backpack_TimeSquare.Backpack_TimeSquare'", "name": "Good Girl Wings", "url": "https://fortnite-api.com/images/cosmetics/br/backpack_timesquare/icon.png", "type": {"value": "backpack", "displayValue": "Back Bling", "backendValue": "AthenaBackpack"}, "set": "Billie Eilish", "variants": null}, "Backpack_TimeSquareBite": {"id": "Backpack_TimeSquareBite", "path": "AthenaBackpackItemDefinition'/Game/Athena/Items/Cosmetics/Backpacks/Backpack_TimeSquareBite.Backpack_TimeSquareBite'", "name": "Shark", "url": "https://fortnite-api.com/images/cosmetics/br/backpack_timesquarebite/icon.png", "type": {"value": "backpack", "displayValue": "Back Bling", "backendValue": "AthenaBackpack"}, "set": "Billie Eilish", "variants": null}, "Backpack_TwiceBaked": {"id": "Backpack_TwiceBaked", "path": "AthenaBackpackItemDefinition'/Game/Athena/Items/Cosmetics/Backpacks/Backpack_TwiceBaked.Backpack_TwiceBaked'", "name": "Nomu Jr.", "url": "https://fortnite-api.com/images/cosmetics/br/backpack_twicebaked/icon.png", "type": {"value": "backpack", "displayValue": "Back Bling", "backendValue": "AthenaBackpack"}, "set": "My Hero Academia", "variants": null}, "Backpack_WidePlane": {"id": "Backpack_WidePlane", "path": "AthenaBackpackItemDefinition'FortniteGame/Plugins/GameFeatures/BRCosmetics/Content/Athena/Items/Cosmetics/Backpacks/Backpack_WidePlane.Backpack_WidePlane'", "name": "Yoda", "url": "https://fortnite-api.com/images/cosmetics/br/backpack_wideplane/icon.png", "type": {"value": "backpack", "displayValue": "Back Bling", "backendValue": "AthenaBackpack"}, "set": "Original Trilogy", "variants": null}, "Character_AutumnDelivery": {"id": "Character_AutumnDelivery", "path": "AthenaCharacterItemDefinition'/Game/Athena/Items/Cosmetics/Characters/Character_AutumnDelivery.Character_AutumnDelivery'", "name": "Elowen", "url": "https://fortnite-api.com/images/cosmetics/br/character_autumndelivery/icon.png", "type": {"value": "outfit", "displayValue": "Outfit", "backendValue": "AthenaCharacter"}, "set": "Fate-Carved Warrior", "variants": null}, "Character_Ballerina_Honey": {"id": "Character_Ballerina_Honey", "path": "AthenaCharacterItemDefinition'/Game/Athena/Items/Cosmetics/Characters/Character_Ballerina_Honey.Character_Ballerina_Honey'", "name": "Honeydancer", "url": "https://fortnite-api.com/images/cosmetics/br/character_ballerina_honey/icon.png", "type": {"value": "outfit", "displayValue": "Outfit", "backendValue": "AthenaCharacter"}, "set": "Fae Ballet", "variants": null}, "Character_BionicSmoke": {"id": "Character_BionicSmoke", "path": "AthenaCharacterItemDefinition'/Game/Athena/Items/Cosmetics/Characters/Character_BionicSmoke.Character_BionicSmoke'", "name": "Carey", "url": "https://fortnite-api.com/images/cosmetics/br/character_bionicsmoke/icon.png", "type": {"value": "outfit", "displayValue": "Outfit", "backendValue": "AthenaCharacter"}, "set": "Natural Constructor", "variants": null}, "Character_CarrotCake": {"id": "Character_CarrotCake", "path": "AthenaCharacterItemDefinition'FortniteGame/Plugins/GameFeatures/BRCosmetics/Content/Athena/Items/Cosmetics/Characters/Character_CarrotCake.Character_CarrotCake'", "name": "Loki, God of Stories", "url": "https://fortnite-api.com/images/cosmetics/br/character_carrotcake/icon.png", "type": {"value": "outfit", "displayValue": "Outfit", "backendValue": "AthenaCharacter"}, "set": "Loki", "variants": null}, "Character_ChessBoard": {"id": "Character_ChessBoard", "path": "AthenaCharacterItemDefinition'/Game/Athena/Items/Cosmetics/Characters/Character_ChessBoard.Character_ChessBoard'", "name": "Sylvie Laufeydottir", "url": "https://fortnite-api.com/images/cosmetics/br/character_chessboard/icon.png", "type": {"value": "outfit", "displayValue": "Outfit", "backendValue": "AthenaCharacter"}, "set": "Loki", "variants": null}, "Character_Contaminate": {"id": "Character_Contaminate", "path": "AthenaCharacterItemDefinition'/Game/Athena/Items/Cosmetics/Characters/Character_Contaminate.Character_Contaminate'", "name": "Reckless Raith", "url": "https://fortnite-api.com/images/cosmetics/br/character_contaminate/icon.png", "type": {"value": "outfit", "displayValue": "Character", "backendValue": "AthenaCharacter"}, "set": "Redline Rider", "variants": null}, "Character_CraftGlue": {"id": "Character_CraftGlue", "path": "AthenaCharacterItemDefinition'/Game/Athena/Items/Cosmetics/Characters/Character_CraftGlue.Character_CraftGlue'", "name": "Himiko Toga", "url": "https://fortnite-api.com/images/cosmetics/br/character_craftglue/icon.png", "type": {"value": "outfit", "displayValue": "Outfit", "backendValue": "AthenaCharacter"}, "set": "My Hero Academia", "variants": [{"name": "On", "variants": [{"c": "Material", "v": "Mat1", "dE": 0}]}, {"name": "Off", "variants": [{"c": "Material", "v": "Mat2", "dE": 0}]}]}, "Character_EarthLane": {"id": "Character_EarthLane", "path": "AthenaCharacterItemDefinition'/Game/Athena/Items/Cosmetics/Characters/Character_EarthLane.Character_EarthLane'", "name": "Dabi", "url": "https://fortnite-api.com/images/cosmetics/br/character_earthlane/icon.png", "type": {"value": "outfit", "displayValue": "Outfit", "backendValue": "AthenaCharacter"}, "set": "My Hero Academia", "variants": null}, "Character_GuineaPig": {"id": "Character_GuineaPig", "path": "AthenaCharacterItemDefinition'/Game/Athena/Items/Cosmetics/Characters/Character_GuineaPig.Character_GuineaPig'", "name": "Chewbacca", "url": "https://fortnite-api.com/images/cosmetics/br/character_guineapig/icon.png", "type": {"value": "outfit", "displayValue": "Outfit", "backendValue": "AthenaCharacter"}, "set": "Original Trilogy", "variants": null}, "Character_NebulaBurden": {"id": "Character_NebulaBurden", "path": "AthenaCharacterItemDefinition'FortniteGame/Plugins/GameFeatures/BRCosmetics/Content/Athena/Items/Cosmetics/Characters/Character_NebulaBurden.Character_NebulaBurden'", "name": "Titan", "url": "https://fortnite-api.com/images/cosmetics/br/character_nebulaburden/icon.png", "type": {"value": "outfit", "displayValue": "Outfit", "backendValue": "AthenaCharacter"}, "set": null, "variants": null}, "Character_RetroPhotographer": {"id": "Character_RetroPhotographer", "path": "AthenaCharacterItemDefinition'/Game/Athena/Items/Cosmetics/Characters/Character_RetroPhotographer.Character_RetroPhotographer'", "name": "Lavendra", "url": "https://fortnite-api.com/images/cosmetics/br/character_retrophotographer/icon.png", "type": {"value": "outfit", "displayValue": "Outfit", "backendValue": "AthenaCharacter"}, "set": "Flawless Flora", "variants": [{"name": "On", "variants": [{"c": "Mesh", "v": "Mat1", "dE": 0}]}, {"name": "Off", "variants": [{"c": "Mesh", "v": "Mat2", "dE": 0}]}]}, "Character_SageTwig": {"id": "Character_SageTwig", "path": "AthenaCharacterItemDefinition'/Game/Athena/Items/Cosmetics/Characters/Character_SageTwig.Character_SageTwig'", "name": "AWR Trooper", "url": "https://fortnite-api.com/images/cosmetics/br/character_sagetwig/icon.png", "type": {"value": "outfit", "displayValue": "Outfit", "backendValue": "AthenaCharacter"}, "set": "Original Trilogy", "variants": null}, "Character_SesameSeed": {"id": "Character_SesameSeed", "path": "AthenaCharacterItemDefinition'/Game/Athena/Items/Cosmetics/Characters/Character_SesameSeed.Character_SesameSeed'", "name": "Lando Calrissian", "url": "https://fortnite-api.com/images/cosmetics/br/character_sesameseed/icon.png", "type": {"value": "outfit", "displayValue": "Outfit", "backendValue": "AthenaCharacter"}, "set": "Original Trilogy", "variants": null}, "Character_SmokeyAlias": {"id": "Character_SmokeyAlias", "path": "AthenaCharacterItemDefinition'/Game/Athena/Items/Cosmetics/Characters/Character_SmokeyAlias.Character_SmokeyAlias'", "name": "Tatsuo", "url": "https://fortnite-api.com/images/cosmetics/br/character_smokeyalias/icon.png", "type": {"value": "outfit", "displayValue": "Outfit", "backendValue": "AthenaCharacter"}, "set": "Crimson Warden", "variants": null}, "Character_TimeSquare": {"id": "Character_TimeSquare", "path": "AthenaCharacterItemDefinition'FortniteGame/Plugins/GameFeatures/BRCosmetics/Content/Athena/Items/Cosmetics/Characters/Character_TimeSquare.Character_TimeSquare'", "name": "Red Roots Billie", "url": "https://fortnite-api.com/images/cosmetics/br/character_timesquare/icon.png", "type": {"value": "outfit", "displayValue": "Outfit", "backendValue": "AthenaCharacter"}, "set": "Billie Eilish", "variants": [{"name": "on", "variants": [{"c": "Parts", "v": "Stage1", "dE": 0}]}, {"name": "off", "variants": [{"c": "Parts", "v": "Stage2", "dE": 0}]}]}, "Character_TwiceBaked": {"id": "Character_TwiceBaked", "path": "AthenaCharacterItemDefinition'/Game/Athena/Items/Cosmetics/Characters/Character_TwiceBaked.Character_TwiceBaked'", "name": "Tomura Shigaraki", "url": "https://fortnite-api.com/images/cosmetics/br/character_twicebaked/icon.png", "type": {"value": "outfit", "displayValue": "Outfit", "backendValue": "AthenaCharacter"}, "set": "My Hero Academia", "variants": [{"name": "off", "variants": [{"c": "Parts", "v": "Stage1", "dE": 0}]}, {"name": "on", "variants": [{"c": "Parts", "v": "Stage2", "dE": 0}]}]}, "Character_WidePlane": {"id": "Character_WidePlane", "path": "AthenaCharacterItemDefinition'FortniteGame/Plugins/GameFeatures/BRCosmetics/Content/Athena/Items/Cosmetics/Characters/Character_WidePlane.Character_WidePlane'", "name": "Dagobah Luke", "url": "https://fortnite-api.com/images/cosmetics/br/character_wideplane/icon.png", "type": {"value": "outfit", "displayValue": "Outfit", "backendValue": "AthenaCharacter"}, "set": "Original Trilogy", "variants": [{"name": "off", "variants": [{"c": "Material", "v": "Mat1", "dE": 0}]}, {"name": "on", "variants": [{"c": "Material", "v": "Mat2", "dE": 0}]}]}, "EID_CarrotCake": {"id": "EID_CarrotCake", "path": "AthenaDanceItemDefinition'/Game/Athena/Items/Cosmetics/Dances/EID_CarrotCake.EID_CarrotCake'", "name": "Mischief Flip", "url": "https://fortnite-api.com/images/cosmetics/br/eid_carrotcake/icon.png", "type": {"value": "emote", "displayValue": "Emote", "backendValue": "AthenaDance"}, "set": "Loki", "variants": null}, "EID_CraftGlue": {"id": "EID_CraftGlue", "path": "AthenaDanceItemDefinition'/Game/Athena/Items/Cosmetics/Dances/EID_CraftGlue.EID_CraftGlue'", "name": "Toga's Glee", "url": "https://fortnite-api.com/images/cosmetics/br/eid_craftglue/icon.png", "type": {"value": "emote", "displayValue": "Emote", "backendValue": "AthenaDance"}, "set": "My Hero Academia", "variants": null}, "EID_Fantasy": {"id": "EID_Fantasy", "path": "AthenaDanceItemDefinition'/Game/Athena/Items/Cosmetics/Dances/EID_Fantasy.EID_Fantasy'", "name": "Ambitious", "url": "https://fortnite-api.com/images/cosmetics/br/eid_fantasy/icon.png", "type": {"value": "emote", "displayValue": "Emote", "backendValue": "AthenaDance"}, "set": null, "variants": null}, "EID_GuineaPig": {"id": "EID_GuineaPig", "path": "AthenaDanceItemDefinition'/Game/Athena/Items/Cosmetics/Dances/EID_GuineaPig.EID_GuineaPig'", "name": "Lil' AT-AT", "url": "https://fortnite-api.com/images/cosmetics/br/eid_guineapig/icon.png", "type": {"value": "emote", "displayValue": "Emote", "backendValue": "AthenaDance"}, "set": "Original Trilogy", "variants": null}, "EID_GuineaPig_Squeal": {"id": "EID_GuineaPig_Squeal", "path": "AthenaDanceItemDefinition'/Game/Athena/Items/Cosmetics/Dances/EID_GuineaPig_Squeal.EID_GuineaPig_Squeal'", "name": "Wookiee War Cry", "url": "https://fortnite-api.com/images/cosmetics/br/eid_guineapig_squeal/icon.png", "type": {"value": "emote", "displayValue": "Built-In Emote", "backendValue": "AthenaDance"}, "set": "Original Trilogy", "variants": null}, "EID_Meander": {"id": "EID_Meander", "path": "AthenaDanceItemDefinition'/Game/Athena/Items/Cosmetics/Dances/EID_Meander.EID_Meander'", "name": "Snapshot Swagger", "url": "https://fortnite-api.com/images/cosmetics/br/eid_meander/icon.png", "type": {"value": "emote", "displayValue": "Emote", "backendValue": "AthenaDance"}, "set": null, "variants": null}, "EID_Obstruct": {"id": "EID_Obstruct", "path": "AthenaDanceItemDefinition'/Game/Athena/Items/Cosmetics/Dances/EID_Obstruct.EID_Obstruct'", "name": "Swag Shuffle", "url": "https://fortnite-api.com/images/cosmetics/br/eid_obstruct/icon.png", "type": {"value": "emote", "displayValue": "Emote", "backendValue": "AthenaDance"}, "set": null, "variants": null}, "EID_Serene": {"id": "EID_Serene", "path": "AthenaDanceItemDefinition'FortniteGame/Plugins/GameFeatures/BRCosmetics/Content/Athena/Items/Cosmetics/Dances/EID_Serene.EID_Serene'", "name": "Sereni-tea", "url": "https://fortnite-api.com/images/cosmetics/br/eid_serene/icon.png", "type": {"value": "emote", "displayValue": "Emote", "backendValue": "AthenaDance"}, "set": null, "variants": null}, "EID_Serene_Follower": {"id": "EID_Serene_Follower", "path": "AthenaDanceItemDefinition'FortniteGame/Plugins/GameFeatures/BRCosmetics/Content/Athena/Items/Cosmetics/Dances/EID_Serene_Follower.EID_Serene_Follower'", "name": "null", "url": "https://fortnite-api.com/images/cosmetics/br/eid_serene_follower/icon.png", "type": {"value": "emote", "displayValue": "Emote", "backendValue": "AthenaDance"}, "set": null, "variants": null}, "EID_Serene_Owned": {"id": "EID_Serene_Owned", "path": "AthenaDanceItemDefinition'FortniteGame/Plugins/GameFeatures/BRCosmetics/Content/Athena/Items/Cosmetics/Dances/EID_Serene_Owned.EID_Serene_Owned'", "name": "null", "url": null, "type": {"value": "emote", "displayValue": "Emote", "backendValue": "AthenaDance"}, "set": null, "variants": null}, "EID_Serene_Sync": {"id": "EID_Serene_Sync", "path": "AthenaDanceItemDefinition'FortniteGame/Plugins/GameFeatures/BRCosmetics/Content/Athena/Items/Cosmetics/Dances/EID_Serene_Sync.EID_Serene_Sync'", "name": "null", "url": "https://fortnite-api.com/images/cosmetics/br/eid_serene_sync/icon.png", "type": {"value": "emote", "displayValue": "Emote", "backendValue": "AthenaDance"}, "set": null, "variants": null}, "EID_Serene_Sync_Owned_Follower": {"id": "EID_Serene_Sync_Owned_Follower", "path": "AthenaDanceItemDefinition'FortniteGame/Plugins/GameFeatures/BRCosmetics/Content/Athena/Items/Cosmetics/Dances/EID_Serene_Sync_Owned_Follower.EID_Serene_Sync_Owned_Follower'", "name": "null", "url": "https://fortnite-api.com/images/cosmetics/br/eid_serene_sync_owned_follower/icon.png", "type": {"value": "emote", "displayValue": "Emote", "backendValue": "AthenaDance"}, "set": null, "variants": null}, "EID_TwiceBaked": {"id": "EID_TwiceBaked", "path": "AthenaDanceItemDefinition'/Game/Athena/Items/Cosmetics/Dances/EID_TwiceBaked.EID_TwiceBaked'", "name": "D-Pad Decay", "url": "https://fortnite-api.com/images/cosmetics/br/eid_twicebaked/icon.png", "type": {"value": "emote", "displayValue": "Emote", "backendValue": "AthenaDance"}, "set": "My Hero Academia", "variants": null}, "Emoji_S29_GuineaPig": {"id": "Emoji_S29_GuineaPig", "path": "AthenaEmojiItemDefinition'FortniteGame/Plugins/GameFeatures/BRCosmetics/Content/Athena/Items/Cosmetics/Dances/Emoji/Emoji_S29_GuineaPig.Emoji_S29_GuineaPig'", "name": "Growling Chewbacca", "url": "https://fortnite-api.com/images/cosmetics/br/emoji_s29_guineapig/icon.png", "type": {"value": "emoji", "displayValue": "Emoticon", "backendValue": "AthenaEmoji"}, "set": "Original Trilogy", "variants": null}, "Emoji_S29_RetroWheels": {"id": "Emoji_S29_RetroWheels", "path": "AthenaEmojiItemDefinition'FortniteGame/Plugins/GameFeatures/BRCosmetics/Content/Athena/Items/Cosmetics/Dances/Emoji/Emoji_S29_RetroWheels.Emoji_S29_RetroWheels'", "name": "Scorch It!", "url": "https://fortnite-api.com/images/cosmetics/br/emoji_s29_retrowheels/icon.png", "type": {"value": "emoji", "displayValue": "Emoticon", "backendValue": "AthenaEmoji"}, "set": "Blazin' Wheels", "variants": null}, "Pickaxe_AutumnDelivery": {"id": "Pickaxe_AutumnDelivery", "path": "AthenaPickaxeItemDefinition'FortniteGame/Plugins/GameFeatures/BRCosmetics/Content/Athena/Items/Cosmetics/PickAxes/Pickaxe_AutumnDelivery.Pickaxe_AutumnDelivery'", "name": "Carver of Fate", "url": "https://fortnite-api.com/images/cosmetics/br/pickaxe_autumndelivery/icon.png", "type": {"value": "pickaxe", "displayValue": "Pickaxe", "backendValue": "AthenaPickaxe"}, "set": "Fate-Carved Warrior", "variants": null}, "Pickaxe_BionicSmoke": {"id": "Pickaxe_BionicSmoke", "path": "AthenaPickaxeItemDefinition'/Game/Athena/Items/Cosmetics/PickAxes/Pickaxe_BionicSmoke.Pickaxe_BionicSmoke'", "name": "Clamp Hammer", "url": "https://fortnite-api.com/images/cosmetics/br/pickaxe_bionicsmoke/icon.png", "type": {"value": "pickaxe", "displayValue": "Pickaxe", "backendValue": "AthenaPickaxe"}, "set": "Natural Constructor", "variants": null}, "Pickaxe_CarrotCake": {"id": "Pickaxe_CarrotCake", "path": "AthenaPickaxeItemDefinition'/Game/Athena/Items/Cosmetics/PickAxes/Pickaxe_CarrotCake.Pickaxe_CarrotCake'", "name": "TVA Time Stick", "url": "https://fortnite-api.com/images/cosmetics/br/pickaxe_carrotcake/icon.png", "type": {"value": "pickaxe", "displayValue": "Pickaxe", "backendValue": "AthenaPickaxe"}, "set": "Loki", "variants": null}, "Pickaxe_ChessBoard": {"id": "Pickaxe_ChessBoard", "path": "AthenaPickaxeItemDefinition'FortniteGame/Plugins/GameFeatures/BRCosmetics/Content/Athena/Items/Cosmetics/PickAxes/Pickaxe_ChessBoard.Pickaxe_ChessBoard'", "name": "Sylvie's Sword", "url": "https://fortnite-api.com/images/cosmetics/br/pickaxe_chessboard/icon.png", "type": {"value": "pickaxe", "displayValue": "Pickaxe", "backendValue": "AthenaPickaxe"}, "set": "Loki", "variants": null}, "Pickaxe_Contaminate": {"id": "Pickaxe_Contaminate", "path": "AthenaPickaxeItemDefinition'FortniteGame/Plugins/GameFeatures/BRCosmetics/Content/Athena/Items/Cosmetics/PickAxes/Pickaxe_Contaminate.Pickaxe_Contaminate'", "name": "Kinetic Wrecksword", "url": "https://fortnite-api.com/images/cosmetics/br/pickaxe_contaminate/icon.png", "type": {"value": "pickaxe", "displayValue": "Pickaxe", "backendValue": "AthenaPickaxe"}, "set": "Redline Rider", "variants": null}, "Pickaxe_CraftGlue": {"id": "Pickaxe_CraftGlue", "path": "AthenaPickaxeItemDefinition'/Game/Athena/Items/Cosmetics/PickAxes/Pickaxe_CraftGlue.Pickaxe_CraftGlue'", "name": "Himiko Toga's Blade", "url": "https://fortnite-api.com/images/cosmetics/br/pickaxe_craftglue/icon.png", "type": {"value": "pickaxe", "displayValue": "Pickaxe", "backendValue": "AthenaPickaxe"}, "set": "My Hero Academia", "variants": null}, "Pickaxe_EarthLane": {"id": "Pickaxe_EarthLane", "path": "AthenaPickaxeItemDefinition'/Game/Athena/Items/Cosmetics/PickAxes/Pickaxe_EarthLane.Pickaxe_EarthLane'", "name": "Blueflame Sickles", "url": "https://fortnite-api.com/images/cosmetics/br/pickaxe_earthlane/icon.png", "type": {"value": "pickaxe", "displayValue": "Pickaxe", "backendValue": "AthenaPickaxe"}, "set": "My Hero Academia", "variants": null}, "Pickaxe_GuineaPig": {"id": "Pickaxe_GuineaPig", "path": "AthenaPickaxeItemDefinition'/Game/Athena/Items/Cosmetics/PickAxes/Pickaxe_GuineaPig.Pickaxe_GuineaPig'", "name": "Wookiee Battle Staff", "url": "https://fortnite-api.com/images/cosmetics/br/pickaxe_guineapig/icon.png", "type": {"value": "pickaxe", "displayValue": "Pickaxe", "backendValue": "AthenaPickaxe"}, "set": "Original Trilogy", "variants": null}, "Pickaxe_SesameSeed": {"id": "Pickaxe_SesameSeed", "path": "AthenaPickaxeItemDefinition'/Game/Athena/Items/Cosmetics/PickAxes/Pickaxe_SesameSeed.Pickaxe_SesameSeed'", "name": "Vibro-Ax", "url": "https://fortnite-api.com/images/cosmetics/br/pickaxe_sesameseed/icon.png", "type": {"value": "pickaxe", "displayValue": "Pickaxe", "backendValue": "AthenaPickaxe"}, "set": "Original Trilogy", "variants": null}, "Pickaxe_SmokeyAlias": {"id": "Pickaxe_SmokeyAlias", "path": "AthenaPickaxeItemDefinition'FortniteGame/Plugins/GameFeatures/BRCosmetics/Content/Athena/Items/Cosmetics/PickAxes/Pickaxe_SmokeyAlias.Pickaxe_SmokeyAlias'", "name": "Crimson Sai", "url": "https://fortnite-api.com/images/cosmetics/br/pickaxe_smokeyalias/icon.png", "type": {"value": "pickaxe", "displayValue": "Pickaxe", "backendValue": "AthenaPickaxe"}, "set": "Crimson Warden", "variants": null}, "Pickaxe_TwiceBaked": {"id": "Pickaxe_TwiceBaked", "path": "AthenaPickaxeItemDefinition'/Game/Athena/Items/Cosmetics/PickAxes/Pickaxe_TwiceBaked.Pickaxe_TwiceBaked'", "name": "Decaying Scythe", "url": "https://fortnite-api.com/images/cosmetics/br/pickaxe_twicebaked/icon.png", "type": {"value": "pickaxe", "displayValue": "Pickaxe", "backendValue": "AthenaPickaxe"}, "set": "My Hero Academia", "variants": null}, "Pickaxe_WidePlane": {"id": "Pickaxe_WidePlane", "path": "AthenaPickaxeItemDefinition'FortniteGame/Plugins/GameFeatures/BRCosmetics/Content/Athena/Items/Cosmetics/PickAxes/Pickaxe_WidePlane.Pickaxe_WidePlane'", "name": "Yoda's Cane", "url": "https://fortnite-api.com/images/cosmetics/br/pickaxe_wideplane/icon.png", "type": {"value": "pickaxe", "displayValue": "Pickaxe", "backendValue": "AthenaPickaxe"}, "set": "Original Trilogy", "variants": null}}}